100trA5,Sổ lò xo A5 100tr Bảo Kiên,Vật tư hàng hóa,,,0.00 ,Kho HH,4.00 ,80000
107004B,Mặt thẻ ngang Fizz 90*54mm,Vật tư hàng hóa,,,0.00 ,Kho HH,5.00 ,24610
107005B,Mặt thẻ dọc Fizz 54*90mm(xanh),Vật tư hàng hóa,,,0.00 ,Kho HH,5.00 ,24610
107006B,Dây thẻ Fizz 2cm ( xanh) ,Vật tư hàng hóa,,,0.00 ,Kho HH,20.00 ,54142
200trA5,Sổ lò xo A5 200tr Hải Tiến,Vật tư hàng hóa,,,0.00 ,Kho HH,27.00 ,457800
200trA6,Sổ lò xo A6 200tr Hải Tiến,Vật tư hàng hóa,,,0.00 ,Kho HH,36.00 ,1021300
200ya 180m,Băng dính vàng chanh 200ya,Vật tư hàng hóa,,,0.00 ,Kho HH,54.00 ,927018
3832,Suốt nhựa cho máy khoan chứng từ,Vật tư hàng hóa,,,0.00 ,Kho HH,100.00 ,236645
3876,Máy khoan chứng từ cỡ trung 3876,Vật tư hàng hóa,,,0.00 ,Kho HH,1.00 ,2060597
a3double 70,Giấy Double A3 DL70,Vật tư hàng hóa,,,0.00 ,Kho HH,58.00 ,16049500
a3pagi,Giấy A3 Pagi ĐL70,Vật tư hàng hóa,,,0.00 ,Kho HH,20.00 ,3165200
a3thuadau,Sổ A3 thừa đầu,Vật tư hàng hóa,,,0.00 ,Kho HH,3.00 ,234000
A4 260tr HT THT,"Giáo an, KTTH A4 260 tr HT",Vật tư hàng hóa,,,0.00 ,Kho HH,10.00 ,291920
A4120tr3064,Sổ A4 120trang Hải Tiến 3064,Vật tư hàng hóa,,,0.00 ,Kho HH,15.00 ,257400
a4200tr,Sổ A4 200trang Hải Tiến 3071,Vật tư hàng hóa,,,0.00 ,Kho HH,55.00 ,3136600
A4DOU,GIẤY A4 DOUBLE ĐL 70,Vật tư hàng hóa,,,0.00 ,Kho HH,563.00 ,177557100
A4EPA,GIẤY A4 EPAPER ĐL 70,Vật tư hàng hóa,,,0.00 ,Kho HH,4.00 ,188000
A4HT160tr,Sổ ghi chép 160trang Hải Tiến 3125,Vật tư hàng hóa,,,0.00 ,Kho HH,0.00 ,59200
A4HT200tr,Sổ A4 200 trang Plus dán gáy 3187,Vật tư hàng hóa,,,0.00 ,Kho HH,4.00 ,328000
A4HT320tr,Sổ Kế toán A4 320trang Hải Tiến 3057,Vật tư hàng hóa,,,0.00 ,Kho HH,42.00 ,2855300
a4pagi65,Giấy A4 PAGI 65,Vật tư hàng hóa,,,0.00 ,Kho HH,148.00 ,7396000
a4pagi70,Giấy A4 PAGI 70,Vật tư hàng hóa,,,0.00 ,Kho HH,854.00 ,198067200
a4q,Giấy Quality A4-70,Vật tư hàng hóa,,,0.00 ,Kho HH,33.00 ,31295000
a4tem,GIẤY A4 HỒNG TEM ĐL 70,Vật tư hàng hóa,,,0.00 ,Kho HH,9.00 ,588000
a5double,Giấy A5 Double A ĐL70,Vật tư hàng hóa,,,0.00 ,Kho HH,171.00 ,11430000
a5pagi70,Giấy A5 Pagi ĐL70,Vật tư hàng hóa,,,0.00 ,Kho HH,425.00 ,37343650
A6383,Trình ký 1 mặt Fizz A4 màu,Vật tư hàng hóa,,,0.00 ,Kho HH,6.00 ,147247
acconhua,Nẹp acco nhựa,Vật tư hàng hóa,,,0.00 ,Kho HH,57.00 ,882000
accosat,Nẹp Acco sắt,Vật tư hàng hóa,,,0.00 ,Kho HH,27.00 ,561000
AD1,Túi khuy AD1,Vật tư hàng hóa,,,0.00 ,Kho HH,588.00 ,4884400
ATMDonghy,ATM Đồng Hỷ,Vật tư hàng hóa,,,0.00 ,Kho HH,0.00 ,3500000
ATMPHOYEN,ATM Phổ Yên,Vật tư hàng hóa,,,0.00 ,Kho HH,0.00 ,12000000
ATMPHUBINH,ATM Phú Bình,Vật tư hàng hóa,,,0.00 ,Kho HH,0.00 ,6000000
ATMTichluong,Cây ATM Tích Lương,Vật tư hàng hóa,,,0.00 ,Kho HH,0.00 ,5000000
bam1lo097,Bấm 1 lỗ KW097,Vật tư hàng hóa,,,0.00 ,Kho HH,0.00 ,17000
bamghimDA,Máy bấm ghim DA nhỏ,Vật tư hàng hóa,,,0.00 ,Kho HH,551.00 ,8128000
bamghimnhodeli0523,Bấm ghim nhỏ Deli 0523,Vật tư hàng hóa,,,0.00 ,Kho HH,4.00 ,90000
bandapghimdeli383,Bàn dập ghim Deli 383-210tờ,Vật tư hàng hóa,,,0.00 ,Kho HH,1.00 ,351000
bang 0.8*1.2 ke o ly,Bảng xanh 0.8*1.2 kẻ ô ly,Vật tư hàng hóa,,,0.00 ,Kho HH,4.00 ,1400000
bang 4 li Duc Thanh,Bảng 4 li Đức Thanh,Vật tư hàng hóa,,,0.00 ,Kho HH,0.00 ,1038000
Băng dính 1kg lõi giấy,Băng dính lõi giấy 1kg,Vật tư hàng hóa,,,0.00 ,Kho HH,0.00 ,112626000
bảng ghim 1.2*0.8,Bảng ghim 1.2*0.8,Vật tư hàng hóa,,,0.00 ,Kho HH,1.00 ,296000
bảng ghim 1.2*2.8,Bảng ghim 1.2*2.8,Vật tư hàng hóa,,,0.00 ,Kho HH,1.00 ,1076000
bảng ghim vải 1.2*3.6,Bảng ghim vải 1.2*16,Vật tư hàng hóa,,,0.00 ,Kho HH,2.00 ,2768000
Bảng Little Garden 2 khay,Bảng Little Garden 2 khay màu gỗ tự nhiên,Vật tư hàng hóa,,,0.00 ,Kho HH,1.00 ,1190000
bang muc LQ300,Băng mực LQ300,Vật tư hàng hóa,,,0.00 ,Kho HH,0.00 ,90000
Bảng ô ly tiểu học 1.2x15,Bảng ô ly tiểu học 1.2x1.5 xanh,Vật tư hàng hóa,,,0.00 ,Kho HH,1.00 ,666000
Bảng ô ly tiểu học 1.2x16,Bảng ô ly tiểu học 1.2x1.6 xanh,Vật tư hàng hóa,,,0.00 ,Kho HH,1.00 ,710000
Bảng ô ly tiểu học 1.2x18,Bảng ô ly tiểu học 1.2x18 xanh,Vật tư hàng hóa,,,0.00 ,Kho HH,1.00 ,799000
Bảng ô ly tiểu học 80x120,Bảng ô ly tiểu học 0.8x1.2 xanh,Vật tư hàng hóa,,,0.00 ,Kho HH,1.00 ,335000
Bảng tấm HS,Bảng tấm HS,Vật tư hàng hóa,,,0.00 ,Kho HH,3.00 ,159000
bang trang 1.2 x 6.3,Bảng trắng cố định KT 1.2 x 6.3,Vật tư hàng hóa,,,0.00 ,Kho HH,1.00 ,2461000
Bang trang 1.2*6.3,Bảng từ trắng 1.2*6.3,Vật tư hàng hóa,,,0.00 ,Kho HH,0.00 ,2461000
bảng từ HQ trắng T200 1.2,Bảng từ HQ trắng T200 1.2*2,Vật tư hàng hóa,,,0.00 ,Kho HH,5.00 ,4080000
bảng xanh 0.8*1.2,Bảng xanh 0.8*1.2,Vật tư hàng hóa,,,0.00 ,Kho HH,5.00 ,1444000
Bảng xanh 1.2*2,Bảng từ xanh 1.2*2 TQ,Vật tư hàng hóa,,,0.00 ,Kho HH,1.00 ,720000
bảng xanh TH03 1.2*2.6,Bảng từ xanh TH03 1.2*2.6,Vật tư hàng hóa,,,0.00 ,Kho HH,4.00 ,3744000
Băng xóa MG 12m 55771,Băng xóa MG 12m 55771,Vật tư hàng hóa,,,0.00 ,Kho HH,23.00 ,290520
bang0.8*0.6,Bảng từ 0.8*0.6,Vật tư hàng hóa,,,0.00 ,Kho HH,16.00 ,4664400
bang0.8*1.2,Bảng từ 0.8*1.2(m) trắng,Vật tư hàng hóa,,,0.00 ,Kho HH,29.00 ,15146200
bang1.2*1.5xanh,Bảng xanh 1.2*1.5,Vật tư hàng hóa,,,0.00 ,Kho HH,5.00 ,3348000
bang1.2*1.8,Bảng từ 1.2*1.8(m),Vật tư hàng hóa,,,0.00 ,Kho HH,9.00 ,11504000
bang1.2*1.8cochan,Bảng từ 1.2*1.8(m)  có chân,Vật tư hàng hóa,,,0.00 ,Kho HH,0.00 ,1120000
bang1.2*1.8xanh,Bảng xanh 1.2*1.8,Vật tư hàng hóa,,,0.00 ,Kho HH,4.00 ,2614000
bang1.2*2,Bảng từ 2*1.2,Vật tư hàng hóa,,,0.00 ,Kho HH,8.00 ,10344000
bang1.5*2,Bảng từ 1.5*1.2,Vật tư hàng hóa,,,0.00 ,Kho HH,4.00 ,4032000
bang1.6*1.2,Bảng từ 1.6*1.2,Vật tư hàng hóa,,,0.00 ,Kho HH,7.00 ,11033000
bangcodinh1*1.2,Bảng cố định 1*1.2m,Vật tư hàng hóa,,,0.00 ,Kho HH,1.00 ,373500
bangdidong1.2*1.5,Bảng di động cốt nhựa HQ trắng,Vật tư hàng hóa,,,0.00 ,Kho HH,5.00 ,4438000
bangdinh100ya5cm,Băng dính (5F x 50mic x 100yr),Vật tư hàng hóa,,,0.00 ,Kho HH,107.00 ,2553072
bangdinh100ya7cm,Băng dính (7F x 50mic x 100yr),Vật tư hàng hóa,,,0.00 ,Kho HH,2.00 ,5160400
bangdinh1kg,Băng dính trong 1kg,Vật tư hàng hóa,,,0.00 ,Kho HH,119.00 ,15443600
bangdinh2.4kg,"Băng dính 2,4kg",Vật tư hàng hóa,,,0.00 ,Kho HH,12.00 ,176004
bangdinh2mat0.5cm,Băng dính 2 mặt 0.5cm,Vật tư hàng hóa,,,20.00 ,Kho HH,0.00 ,0
bangdinh2mat2cmmong,Băng dính 2 mặt 2cm mỏng,Vật tư hàng hóa,,,20.00 ,Kho HH,15.00 ,16995
bangdinh2mat2cmtrung,Băng dính 2 mặt 2cm trung,Vật tư hàng hóa,,,0.00 ,Kho HH,0.00 ,81000
bangdinh2mat5cmday,Băng dính 2 mặt 5cm dày,Vật tư hàng hóa,,,0.00 ,Kho HH,1.00 ,208320
bangdinh2mat5cmdaytrang,Băng dính 2 mặt trắng 5cm dày,Vật tư hàng hóa,,,0.00 ,Kho HH,15.00 ,162000
bangdinh2mattrang1cm,Băng dính 2 mặt trắng dày 1cm,Vật tư hàng hóa,,,0.00 ,Kho HH,145.00 ,2858220
bangdinhduc5cm,Băng dính đục 5cm,Vật tư hàng hóa,,,0.00 ,Kho HH,19.00 ,270000
bangdinhgiay2cm,Băng dính giấy 2cm dầy đại,Vật tư hàng hóa,,,0.00 ,Kho HH,324.00 ,5287500
bangdinhtrang2cmday,Băng dính 2 mặt trắng 2cm dày đại,Vật tư hàng hóa,,,0.00 ,Kho HH,196.00 ,1821000
bangdinhvai5cm,Băng dính vải 5cm,Vật tư hàng hóa,,,0.00 ,Kho HH,66.00 ,1800000
bangdinhvp1.8cm,Băng dính VP 1.8cm,Vật tư hàng hóa,,,0.00 ,Kho HH,67.00 ,100000
bangdinhvp1cm,Băng dính văn phòng nhỏ 1cm,Vật tư hàng hóa,,,0.00 ,Kho HH,563.00 ,1124376
bangdinhxanhtron5cm,Băng dính xanh trơn 5cm,Vật tư hàng hóa,,,0.00 ,Kho HH,41.00 ,667120
bangdinhxitrung5cm,Băng dính xi trung 5cm,Vật tư hàng hóa,,,0.00 ,Kho HH,41.00 ,2249904
bangdinhxop2mat,Băng dính xốp 2 mặt dày,Vật tư hàng hóa,,,0.00 ,Kho HH,301.00 ,8115029
banghs,Bảng Học sinh,Vật tư hàng hóa,,,0.00 ,,3.00 ,18000
bangiasw8173,Máy bắn giá Sunwood 8 số 8173,Vật tư hàng hóa,,,0.00 ,Kho HH,1.00 ,289000
bangnoila,Bảng nói lá,Vật tư hàng hóa,,,0.00 ,Kho HH,0.00 ,690000
bangtam,Bảng tấm,Vật tư hàng hóa,,,0.00 ,Kho HH,0.00 ,1330000
bangtrang1.2*2.2,Bảng trắng 1.2*2.2,Vật tư hàng hóa,,,0.00 ,Kho HH,4.00 ,4778000
bangtu 1.2*2 trang,Bảng từ trắng 1.2*2,Vật tư hàng hóa,,,0.00 ,Kho HH,1.00 ,384000
bangtu 1.2*3,Bảng từ trắng 1.2*3,Vật tư hàng hóa,,,0.00 ,Kho HH,0.00 ,1116000
bangtu1.2*3.2,Bảng từ trắng 1.2*3.2,Vật tư hàng hóa,,,0.00 ,Kho HH,2.00 ,3432600
bangtutrang 1.2*1.5,Bảng từ trắng 1.2*1.5,Vật tư hàng hóa,,,0.00 ,Kho HH,4.00 ,2304000
bangtutrang1.2*2.4,Bảng từ trắng 1.2*2.4,Vật tư hàng hóa,,,0.00 ,,1.00 ,2679000
bangtuxanh1.2*2.4,Bảng từ xanh 1.2*2.4HQ,Vật tư hàng hóa,,,0.00 ,Kho HH,7.00 ,6163000
bangxanh1.2*15,Bảng xanh 1.2*1.5 có chân,Vật tư hàng hóa,,,0.00 ,Kho HH,(4.00),3112000
bangxanh1.2*30,Bảng xanh 1.2*3,Vật tư hàng hóa,,,0.00 ,Kho HH,1.00 ,2149000
bangxoaDAnho,Băng xóa Double A nhỏ,Vật tư hàng hóa,,,0.00 ,Kho HH,1.00 ,56000
bangxoadoiDA,Băng xóa Double A 12mm đôi,Vật tư hàng hóa,,,0.00 ,Kho HH,4.00 ,192000
bangxoaplusto,Băng xóa Plus to,Vật tư hàng hóa,,,0.00 ,Kho HH,6.00 ,145000
banlecuakinh,Bản lề cửa kính,Vật tư hàng hóa,,,0.00 ,Kho HH,0.00 ,1500000
bạt xe đap,Bạt đua xe đạp,Vật tư hàng hóa,,,0.00 ,Kho HH,0.00 ,0
Bìa còng Deli 38169,Bìa còng Deli 7cm 38169,Vật tư hàng hóa,,,0.00 ,Kho HH,525.00 ,13590500
bia20DA,Bìa 20 lá Dobule A,Vật tư hàng hóa,,,0.00 ,Kho HH,13.00 ,312000
bia60laDA,Bìa 60 lá DA,Vật tư hàng hóa,,,0.00 ,Kho HH,1.00 ,0
biacongflax5cm,Bìa Còng 50 F4-LAF 13,Vật tư hàng hóa,,,0.00 ,Kho HH,0.00 ,0
biacongflax70cm,Bìa Còng 70 F4-LAP 14,Vật tư hàng hóa,,,0.00 ,Kho HH,0.00 ,0
biacongflax90cm,Bìa Còng 90F4-LAF10,Vật tư hàng hóa,,,0.00 ,Kho HH,0.00 ,0
Biaconghyphen7cm,Bìa còng Hyphen 7cm,Vật tư hàng hóa,,,0.00 ,Kho HH,118.00 ,3475000
biadlex,Bìa đóng chứng từ ĐLex,Vật tư hàng hóa,,,0.00 ,Kho HH,500.00 ,598000
biaf09,Bìa còng 90A4-LAF09,Vật tư hàng hóa,,,0.00 ,Kho HH,0.00 ,0
biakepFlaxcb01,Bìa kẹp A4-CB 01,Vật tư hàng hóa,,,0.00 ,Kho HH,0.00 ,0
bialichvangto,Bìa lịch vàng to,Vật tư hàng hóa,,,0.00 ,Kho HH,35.00 ,1415000
biamicatrung,Bìa bóng kính trung Mạnh Hưng,Vật tư hàng hóa,,,0.00 ,Kho HH,34.00 ,4834000
bianf4,Bìa nút F4-CBF04,Vật tư hàng hóa,,,0.00 ,Kho HH,0.00 ,0
biangoaiA3thuong,Bìa ngoại A3,Vật tư hàng hóa,,,0.00 ,Kho HH,29.00 ,3464000
biangoaiA4thuong,Bìa ngoại A4,Vật tư hàng hóa,,,0.00 ,Kho HH,313.00 ,11739000
biangoaidep,Bìa ngoại đẹp T&T,Vật tư hàng hóa,,,0.00 ,Kho HH,29.00 ,3163000
bianhan35mm,Bìa nhẫn TL 35mm,Vật tư hàng hóa,,,50.00 ,Kho HH,35.00 ,750000
bianoiA3,Bìa nội A3,Vật tư hàng hóa,,,0.00 ,Kho HH,2.00 ,120000
bianoia4,Bìa nội A4,Vật tư hàng hóa,,,0.00 ,Kho HH,28.00 ,1596000
bianutcbf01,Bìa nút F4-CBF01,Vật tư hàng hóa,,,0.00 ,Kho HH,"2,216.00 ",10458000
biao30,Bìa nhẫn chữ O 30mmTL-OR B02,Vật tư hàng hóa,,,0.00 ,Kho HH,1.00 ,119000
biatrang,Bìa trắng,Vật tư hàng hóa,,,0.00 ,Kho HH,10.00 ,4730000
biendao60tr,Biển đảo quê hương 60 trang,Vật tư hàng hóa,,,0.00 ,Kho HH,160.00 ,396720
biendaoquehuong72,Biển đảo quê hương 7 trang,Vật tư hàng hóa,,,0.00 ,Kho HH,8.00 ,396400
bienhuongdannhavs,Biển hướng dẫn nhà Vệ sinh Hyundai,Vật tư hàng hóa,,,0.00 ,Kho HH,0.00 ,60000
bienvtyt,"Biển đầu hồi tầng 1,2,3 nhà mới BCD",Vật tư hàng hóa,,Hồi tầng 1: 0.82*3.32;0.90*3.20;0.50*0.30. Tổng: 8.76*330=2.890.000,0.00 ,Kho HH,0.00 ,2890000
Bitex CP001,Bút xóa Bitex CP001,Vật tư hàng hóa,,,0.00 ,Kho HH,118.00 ,629760
BL57,Bút gel BL57,Vật tư hàng hóa,,,0.00 ,Kho HH,124.00 ,4539000
blocdai VH75,Bloc đại Văn Hóa 75,Vật tư hàng hóa,,,0.00 ,Kho HH,15.00 ,506250
BNWB01,Bút dạ bảng BN WB01,Vật tư hàng hóa,,,0.00 ,Kho HH,37.00 ,170200
bọc vở C1 HH,Bọc vở C1 HH,Vật tư hàng hóa,,,0.00 ,Kho HH,20.00 ,130900
Bọc vở C2,Bọc vở c2 HH,Vật tư hàng hóa,,,0.00 ,Kho HH,100.00 ,68800
bongdemtiendeli,Bóng đếm tiền Deli,Vật tư hàng hóa,,,0.00 ,Kho HH,15.00 ,335910
but bi 4 mau MG,Bút bi 4 màu MG,Vật tư hàng hóa,,,0.00 ,Kho HH,12.00 ,205080
but bnb24,Bút bi Bến Nghé D24,Vật tư hàng hóa,,,0.00 ,Kho HH,0.00 ,0
but bnb30,Bút bi Bến Nghé B30,Vật tư hàng hóa,,,0.00 ,Kho HH,0.00 ,0
but bnbt5,Bút bi Bến Nghé BT5,Vật tư hàng hóa,,,0.00 ,Kho HH,236.00 ,826500
bút dạ quang 8g,Bút dạ quang ,Vật tư hàng hóa,,,0.00 ,Kho HH,6.00 ,336000
but muc xoa,"Bút mực xóa được xanh, đen",Vật tư hàng hóa,,,0.00 ,Kho HH,0.00 ,141000
But nho dong Pro HL500 ,"Bút nhớ dòng PRo HL500 ( hồng, cam, xanh, vàng)",Vật tư hàng hóa,,,0.00 ,Kho HH,60.00 ,229500
butbi039d,Bút bi TL F0-039 đen,Vật tư hàng hóa,,,0.00 ,Kho HH,136.00 ,352000
butbifo024,Bút bi FO 024,Vật tư hàng hóa,,,0.00 ,Kho HH,264.00 ,7916700
butbifo03,"Bút bi TL F0-03 xanh,đen,đỏ",Vật tư hàng hóa,,,0.00 ,Kho HH,87.00 ,1935040
butcambanBN,Bút cắm bàn BN SP05,Vật tư hàng hóa,,,0.00 ,Kho HH,1.00 ,316000
butchideli37013,Bút chì Deli 37013,Vật tư hàng hóa,,,0.00 ,Kho HH,144.00 ,795600
butchikhuc ,Bút chì khúc,Vật tư hàng hóa,,,0.00 ,Kho HH,94.00 ,180000
butchuA,"Bút nước chữ A đen,xanh",Vật tư hàng hóa,,,0.00 ,Kho HH,131.00 ,1097904
butchuacoc,Bút chữ A cốc,Vật tư hàng hóa,,,0.00 ,Kho HH,303.00 ,757008
Butdadau,Bút dạ dầu thường,Vật tư hàng hóa,,,0.00 ,Kho HH,0.00 ,0
butdakinhdeliU104,Bút dạ kính CD deli U104,Vật tư hàng hóa,,,0.00 ,Kho HH,231.00 ,1302540
butdangwb02,Bút dạ bảng TL WB02 xanh,Vật tư hàng hóa,,,0.00 ,Kho HH,229.00 ,870320
butdbwb015,Bút dạ bảng TL WB015,Vật tư hàng hóa,,,0.00 ,Kho HH,185.00 ,4412400
butk072,Bút ký TL 072,Vật tư hàng hóa,,,0.00 ,Kho HH,0.00 ,0
butlinc,Bút Linc Retract,Vật tư hàng hóa,,,0.00 ,Kho HH,48.00 ,144000
butlm607,Bút lông màu 607,Vật tư hàng hóa,,,0.00 ,Kho HH,0.00 ,0
butlongdau,Bút lông dầu các loại xanh đen đỏ,Vật tư hàng hóa,,,0.00 ,Kho HH,79.00 ,276500
butlongdauPM09,Bút lông dầu PM 09,Vật tư hàng hóa,,,0.00 ,Kho HH,47.00 ,452600
butmayhh2256,Bút máy HH 2256,Vật tư hàng hóa,,,0.00 ,Kho HH,0.00 ,816000
butmayhh2270,Bút máy HH 2270,Vật tư hàng hóa,,,0.00 ,Kho HH,0.00 ,600000
butmaythayanhkesoc,Bút máy Thầy Ánh kẻ sọc,Vật tư hàng hóa,,,0.00 ,Kho HH,0.00 ,360000
butmaytreem,Bút máy trẻ em Preppy,Vật tư hàng hóa,,,0.00 ,Kho HH,34.00 ,3330000
butnendai,Bút nến dài,Vật tư hàng hóa,,,0.00 ,Kho HH,505.00 ,508000
butnenngan,Bút nến ngắn,Vật tư hàng hóa,,,0.00 ,Kho HH,571.00 ,1221540
butnhodonghl01,Bút nhớ dòng nhỏ HL01,Vật tư hàng hóa,,,0.00 ,Kho HH,3.00 ,171560
butnhodongHL02,Bút nhớ FO-HL02,Vật tư hàng hóa,,,0.00 ,Kho HH,139.00 ,1468500
butnuocdeli,Bút nước Deli,Vật tư hàng hóa,,,0.00 ,Kho HH,92.00 ,1235520
butnuocMG,Bút nước MG,Vật tư hàng hóa,,,0.00 ,Kho HH,363.00 ,4753500
butpm01,Bút dạ kính PM 01,Vật tư hàng hóa,,,0.00 ,Kho HH,870.00 ,12740320
butpm04,Bút lông dầu PM 04,Vật tư hàng hóa,,,0.00 ,Kho HH,0.00 ,0
butpm07,Bút lông dàu PM07,Vật tư hàng hóa,,,0.00 ,Kho HH,100.00 ,572000
butPrepy 02,Bút Prepy 02,Vật tư hàng hóa,,,0.00 ,Kho HH,9.00 ,620000
butsonuni,Bút sơn Uni,Vật tư hàng hóa,,,0.00 ,,4.00 ,135000
buttl023,Bút TL 023,Vật tư hàng hóa,,,0.00 ,Kho HH,218.00 ,3496000
buttl025,Bút TL 025,Vật tư hàng hóa,,,0.00 ,Kho HH,0.00 ,0
buttl027,Bút TL 027,Vật tư hàng hóa,,,0.00 ,Kho HH,70.00 ,160000
buttl036,Bút TL 036,Vật tư hàng hóa,,,0.00 ,Kho HH,220.00 ,3099900
buttl048,Bút bi TL 048,Vật tư hàng hóa,,,0.00 ,Kho HH,0.00 ,0
buttl049,Bút bi TL 049,Vật tư hàng hóa,,,0.00 ,Kho HH,640.00 ,1864800
butxcp02,Bút xóa CP 02,Vật tư hàng hóa,,,0.00 ,Kho HH,226.00 ,4715500
bxcp01,Bút xóa CP01,Vật tư hàng hóa,,,0.00 ,Kho HH,198.00 ,1719500
Cà phê hòa tan,Cà phê hòa tan,Vật tư hàng hóa,,,0.00 ,Kho HH,7.00 ,1350000
cambandoiFo-PH01,Bút cắm bàn đôi FO-PH01,Vật tư hàng hóa,,,0.00 ,Kho HH,61.00 ,2001000
cambanTL PH02,Cắm bàn TL PH 02,Vật tư hàng hóa,,,0.00 ,Kho HH,76.00 ,890000
campus120tr,Vở Campus 4 mùa 120 trang,Vật tư hàng hóa,,,0.00 ,Kho HH,35.00 ,368500
cana100g,Cana 100g,Vật tư hàng hóa,,,0.00 ,Kho HH,0.00 ,84000
cana220g,Cana220g,Vật tư hàng hóa,,,0.00 ,Kho HH,0.00 ,100000
cap11ngan,Cặp 11 ngăn,Vật tư hàng hóa,,,40.00 ,Kho HH,49.00 ,0
cap12ngan,Cặp chia 12 ngăn,Vật tư hàng hóa,,,0.00 ,Kho HH,27.00 ,1018000
cap3daydep,Cặp 3 dây đẹp,Vật tư hàng hóa,,,0.00 ,Kho HH,352.00 ,5010000
cap3daythuong,Cặp 3 dây thường,Vật tư hàng hóa,,,0.00 ,Kho HH,300.00 ,2869800
caph15,Cặp hộp Hiphen 15cm,Vật tư hàng hóa,,,0.00 ,Kho HH,0.00 ,0
caph20,Cặp hộp Hiphen 20cm,Vật tư hàng hóa,,,0.00 ,Kho HH,0.00 ,0
caph7,Cặp hộp Hiphen 7cm,Vật tư hàng hóa,,,0.00 ,Kho HH,0.00 ,0
caphop5,Cặp hộp 5cm BF01,Vật tư hàng hóa,,,0.00 ,Kho HH,4.00 ,0
caphopFlax100cm,Cặp hộp 100-A4 BF03,Vật tư hàng hóa,,,0.00 ,Kho HH,0.00 ,0
caphopFlax75cm,Cặp hộp 75-A4 BF02,Vật tư hàng hóa,,,0.00 ,Kho HH,0.00 ,0
Cardcasea3,Card Case A3 dày,Vật tư hàng hóa,,,0.00 ,,110.00 ,1152000
casea4,Card Case A5 dày,Vật tư hàng hóa,,,0.00 ,,120.00 ,420000
casiọ120B,Máy tính Casio J120B,Vật tư hàng hóa,,,0.00 ,Kho HH,13.00 ,3760000
catbangdinhdai,Cắt băng dính đại Hoa Dân,Vật tư hàng hóa,,,0.00 ,Kho HH,32.00 ,1050000
catbangdinhdelinho811,Cắt băng dính Deli nhỏ 811,Vật tư hàng hóa,,,17.00 ,Kho HH,20.00 ,530342
catbangdinhtrung xukiva 1,Cắt băng dính trung Xukiva 185,Vật tư hàng hóa,,,0.00 ,Kho HH,9.00 ,130000
CH02,Bìa lá trong 0.15mm A4 FO CH02( file hở),Vật tư hàng hóa,,,0.00 ,Kho HH,50.00 ,85500
chang23/28,Chân ghim 23/18,Vật tư hàng hóa,,,0.00 ,Kho HH,31.00 ,403000
chang24/6,Chân ghim 24/6,Vật tư hàng hóa,,,0.00 ,Kho HH,76.00 ,261000
changhim10DA,Chân ghim số 10 Double A,Vật tư hàng hóa,,,0.00 ,Kho HH,"2,210.00 ",5845800
changhimsts02,Kim bấm 10-STS02,Vật tư hàng hóa,,,0.00 ,Kho HH,26.00 ,70000
changim10plus,Chân ghim 10 Plus,Vật tư hàng hóa,,,0.00 ,Kho HH,0.00 ,0
chi kim van go,Bút chì kim vân gỗ DZ107,Vật tư hàng hóa,,,0.00 ,Kho HH,24.00 ,159984
chi12mau,Chì 12 màu,Vật tư hàng hóa,,,0.00 ,Kho HH,0.00 ,576000
chiafile10mau,Chia file nhựa 10 màu,Vật tư hàng hóa,,,0.00 ,Kho HH,626.00 ,3610400
chiden2bvangthien,bút chì đen 2B Gstar vỏ màu,Vật tư hàng hóa,,,0.00 ,Kho HH,0.00 ,0
chigstar(2B-6B),Bút chi Gstar 2B-6B,Vật tư hàng hóa,,,0.00 ,Kho HH,120.00 ,150000
chikimgstar,Bút chì kim Gstar,Vật tư hàng hóa,,,0.00 ,Kho HH,9.00 ,40000
chikimzd107,Bút chì kim ZD107 Baoke,Vật tư hàng hóa,,,0.00 ,Kho HH,5.00 ,45000
chimau24,Hộp chì 24 màu,Vật tư hàng hóa,,,0.00 ,Kho HH,0.00 ,36000
chiMGHB,CHì MG HB 30971,Vật tư hàng hóa,,,0.00 ,Kho HH,26.00 ,56000
chun vong 1.3 lang,Chun vòng 1.3 lạng,Vật tư hàng hóa,,,0.00 ,Kho HH,5.00 ,40000
chunvong5lang,Chun vòng 5 lạng,Vật tư hàng hóa,,,0.00 ,Kho HH,16.00 ,1287000
Cleverup A4,Giấy A4 Clever up ĐL 70,Vật tư hàng hóa,,,0.00 ,Kho HH,21.00 ,7595000
congeke5cm,Bìa còng EKE 5cm,Vật tư hàng hóa,,,0.00 ,Kho HH,85.00 ,1990000
congeke7cm,Bìa còng EKE 7cm,Vật tư hàng hóa,,,0.00 ,Kho HH,219.00 ,7474000
congeke9cm,Bìa còng EKE 9cm,Vật tư hàng hóa,,,0.00 ,Kho HH,112.00 ,7128000
congvandiden240,Sổ công văn đi đến 240trang,Vật tư hàng hóa,,,0.00 ,Kho HH,33.00 ,840220
cotuuongphipvuongto,Cờ tướng phip vuông to,Vật tư hàng hóa,,,0.00 ,Kho HH,0.00 ,80000
covua.canguachunhat,"Cờ vua, cá ngựa hộp chữ nhật",Vật tư hàng hóa,,,0.00 ,Kho HH,0.00 ,270000
CPMH,Chi phí mua hàng,Dịch vụ,,,0.00 ,,0.00 ,0
Crom-dao cao,Dao cạo Crom,Vật tư hàng hóa,,,0.00 ,Kho HH,10.00 ,125000
dạ 12 màu con vẹt,Dạ 12 màu con vẹt,Vật tư hàng hóa,,,0.00 ,Kho HH,5.00 ,37500
da12mau607,"Dạ 12màu 607, Con Vẹt",Vật tư hàng hóa,,,0.00 ,Kho HH,0.00 ,90000
DA3*2,Giấy nhớ Double A 3*2,Vật tư hàng hóa,,,0.00 ,Kho HH,139.00 ,432000
DA3*4,Giấy nhớ DA 3*4,Vật tư hàng hóa,,,0.00 ,Kho HH,144.00 ,864000
DA41,Kẹp đen DA 41mm,Vật tư hàng hóa,,,0.00 ,Kho HH,4.00 ,54000
daba4240trang,Sổ da Hải Tiến BA4 240tr,Vật tư hàng hóa,,,0.00 ,Kho HH,9.00 ,2858440
dabangmg2271,Bút dạ bảng MG 2271,Vật tư hàng hóa,,,0.00 ,Kho HH,339.00 ,7009700
dadaumg2272,Bút dạ dầu MG 2272,Vật tư hàng hóa,,,0.00 ,Kho HH,67.00 ,323000
DAgiaynho3mau,Giấy nhớ 3 màu Double A,Vật tư hàng hóa,,,0.00 ,Kho HH,11.00 ,0
dakinhdeliu104d,Bút dạ kính Deli U104 đen,Vật tư hàng hóa,,,0.00 ,Kho HH,2.00 ,15000
dakinhdeliu104x,Bút dạ kính Deli U104 xanh,Vật tư hàng hóa,,,0.00 ,Kho HH,20.00 ,120000
dangia,Băng dính dán giá,Vật tư hàng hóa,,,0.00 ,Kho HH,222.00 ,580000
dantham,Dán thảm lót nền VTYT,Vật tư hàng hóa,,,0.00 ,Kho HH,0.00 ,700000
daodg,Dao doc giấy,Vật tư hàng hóa,,,0.00 ,Kho HH,0.00 ,0
daodocgiaydaideli10040,Dao dọc giấy đại Deli 10040,Vật tư hàng hóa,,,0.00 ,Kho HH,20.00 ,376200
daodocgiaydeli2043,Dao dọc giấy Deli to 2043,Vật tư hàng hóa,,,0.00 ,Kho HH,0.00 ,495900
daodọcgiaynhodeli2504,Dao trổ Deli 2504,Vật tư hàng hóa,,,0.00 ,,7.00 ,42000
daodocgiaytoDeli,Dao dọc giấy to Deli 2042,Vật tư hàng hóa,,,0.00 ,Kho HH,12.00 ,436392
daokn01,Dao dọc giấy KN01,Vật tư hàng hóa,,,0.00 ,Kho HH,24.00 ,132000
dapg10st,Dập ghim số 10ST,Vật tư hàng hóa,,,0.00 ,Kho HH,0.00 ,0
dapghimdai0390,Dập ghim đại Deli 0390,Vật tư hàng hóa,,,0.00 ,Kho HH,1.00 ,457311
dapghimdai0395,Dập ghim xoay Deli 0395,Vật tư hàng hóa,,,0.00 ,Kho HH,8.00 ,3368801
DapghimdaiEg845,Dập ghim đại Eg 845,Vật tư hàng hóa,,,0.00 ,,0.00 ,350000
dapghimdeli0486,Dập ghim đại Deli 0486,Vật tư hàng hóa,,,0.00 ,Kho HH,1.00 ,942000
dapghimdeli394,Dập ghim đại Deli 0394,Vật tư hàng hóa,,,0.00 ,Kho HH,5.00 ,954960
dapghimtrungdeli391,Dập ghim trung Deli 391,Vật tư hàng hóa,,,0.00 ,Kho HH,3.00 ,939702
dapghimxoaydeli,Dập ghim Deli 0414,Vật tư hàng hóa,,,0.00 ,Kho HH,5.00 ,270620
dapghimxoaydeli414,Dập ghim xoay Deli 414,Vật tư hàng hóa,,,0.00 ,Kho HH,4.00 ,202749
dapnhay6so,Dập nhảy 6 số ,Vật tư hàng hóa,,,0.00 ,Kho HH,0.00 ,160000
datnanxobe,Đất nặn xô bé,Vật tư hàng hóa,,,0.00 ,Kho HH,0.00 ,174000
datnanxôt,Đất nặn xô to,Vật tư hàng hóa,,,0.00 ,Kho HH,0.00 ,345000
daythelua,dây thẻ lụa xanh,Vật tư hàng hóa,,,0.00 ,Kho HH,"2,100.00 ",1621000
daytheluadodep,Dây thẻ lụa đỏ to đẹp,Vật tư hàng hóa,,,0.00 ,Kho HH,80.00 ,200000
db04,Bìa 80 lá A4 -DB04,Vật tư hàng hóa,,,0.00 ,Kho HH,0.00 ,0
DD5145,Đầu đọc Honeywel 5145,Vật tư hàng hóa,,,0.00 ,Kho HH,0.00 ,1400000
Decal A4 ,Giấy Decal A4,Vật tư hàng hóa,,,0.00 ,Kho HH,20.00 ,1100000
decal Tomy A5,Giấy decal Tomy A5,Vật tư hàng hóa,,,0.00 ,Kho HH,50.00 ,350000
Decal35*22*3*50,Giấy cuộn Decal 35*22*3tem*50,Vật tư hàng hóa,,,0.00 ,Kho HH,0.00 ,1200000
decana4,Giấy Decan A4,Vật tư hàng hóa,,,0.00 ,Kho HH,5.00 ,975000
decankinh,Dán Decan kính,Vật tư hàng hóa,,"Mua Decan kính về dán( Thuê Hữu dán) đã trả Hữu 6.923.000đ, trả Việt: 900.000đ, trả tiền decan: 4.400.000đ",0.00 ,Kho HH,0.00 ,12343000
decanmech,Decan cán Mêch,Vật tư hàng hóa,,,0.00 ,Kho HH,0.00 ,450000
deli 23/13,chân ghim 23/13 deli,Vật tư hàng hóa,,,0.00 ,Kho HH,18.00 ,139460
Deli kep mau 15mm,Deli-Kẹp màu 15mm,Vật tư hàng hóa,,,0.00 ,Kho HH,15.00 ,356250
DLA200,Deli Hồ khô A200-8g,Vật tư hàng hóa,,,0.00 ,Kho HH,36.00 ,139997
DLcangcua7cm,Cặp càng cua Deli 7cm,Vật tư hàng hóa,,,0.00 ,Kho HH,37.00 ,1386000
DS966,Bút máy trẻ em Nhật cao cấp DS966,Vật tư hàng hóa,,,0.00 ,Kho HH,9.00 ,200000
Duc lo 12 to PO-PU101,Đục lỗ 12 tờ PO-PU101,Vật tư hàng hóa,,,0.00 ,Kho HH,2.00 ,51000
Duc lo 40 to PO-PU103,Đục lỗ 40 tờ PU103,Vật tư hàng hóa,,,0.00 ,Kho HH,2.00 ,127500
duclokw912,Đục lỗ KW 912,Vật tư hàng hóa,,,0.00 ,Kho HH,26.00 ,1133000
duclotrungeg7122,Đục lỗ trung Eg 7122,Vật tư hàng hóa,,,0.00 ,Kho HH,3.00 ,400000
echo15,Kẹp đen Echo 15mm,Vật tư hàng hóa,,,0.00 ,Kho HH,241.00 ,942000
echo19,Kẹp đen Echo 19mm,Vật tư hàng hóa,,,0.00 ,Kho HH,172.00 ,832000
echo25,Kẹp đen Echo 25mm,Vật tư hàng hóa,,,0.00 ,Kho HH,202.00 ,1376600
echo32,Kẹp đen Echo 32mm,Vật tư hàng hóa,,,0.00 ,Kho HH,385.00 ,3287200
echo41,Kẹp đen Echo 41mm,Vật tư hàng hóa,,,0.00 ,Kho HH,258.00 ,3172000
echo51,Kẹp đen Echo 51mm,Vật tư hàng hóa,,,0.00 ,Kho HH,278.00 ,6523800
EG701,Bấm lỗ EG 701,Vật tư hàng hóa,,,0.00 ,Kho HH,0.00 ,75000
Eg842 50 to,Eg 842 50 tờ,Vật tư hàng hóa,,,0.00 ,Kho HH,4.00 ,425000
EG9628,Dập ghim EG xoay 9625,Vật tư hàng hóa,,,0.00 ,,1.00 ,63900
Ép ảnh A3,Ép ảnh A3,Vật tư hàng hóa,,,0.00 ,Kho HH,0.00 ,160000
epanha5,Ép ảnh A5 trung,Vật tư hàng hóa,,,0.00 ,,7.00 ,210000
Eras file nan 3 ngan,File nan 3 ngăn Eras xanh,Vật tư hàng hóa,,,0.00 ,Kho HH,20.00 ,670000
eras15,Kẹp màu Eras 15mm,Vật tư hàng hóa,,,0.00 ,Kho HH,20.00 ,325000
eras19,Kẹp màu Eras 19mm,Vật tư hàng hóa,,,0.00 ,Kho HH,33.00 ,590000
eras25,Kẹp màu Eras 25mm,Vật tư hàng hóa,,,0.00 ,,28.00 ,915500
eras32,Kẹp màu Eras 32mm,Vật tư hàng hóa,,,0.00 ,,16.00 ,382450
ErasE1001,Bút ký Eras E1001,Vật tư hàng hóa,,,0.00 ,,0.00 ,0
ErasE1002,Bút ký Eras E1002,Vật tư hàng hóa,,,0.00 ,,1.00 ,0
ErasE993,Bút ký Eras E993,Vật tư hàng hóa,,,0.00 ,,1.00 ,0
F03 ghim 1.2*1.6,Bảng cố định khung TH03 1.2*1.6 ghim vải màu,Vật tư hàng hóa,,,0.00 ,Kho HH,3.00 ,1674000
F03 ghim 1.2*1.8,Bảng cố định khung TH03 1.2*1.8 ghim vải màu,Vật tư hàng hóa,,,0.00 ,Kho HH,2.00 ,1218000
F03 ghim 1.2*2.4,Bảng ghim cố định 1.2*2.4 ghim vải màu,Vật tư hàng hóa,,,0.00 ,Kho HH,3.00 ,2436000
File Acco Thiên Long A4,File Acco Thiên Long A4 xanh,Vật tư hàng hóa,,,0.00 ,Kho HH,20.00 ,81000
file cong mem Deli 3P,File còng mềm Deli 3P,Vật tư hàng hóa,,,0.00 ,Kho HH,0.00 ,632746
file nhựa ,Fiel nhựa ,Vật tư hàng hóa,,,0.00 ,Kho HH,0.00 ,1404000
file2k,File 2 khóa Thiên Long,Vật tư hàng hóa,,,0.00 ,,0.00 ,0
file40la,File 40 lá Thiên Long,Vật tư hàng hóa,,,0.00 ,,0.00 ,0
file40ladouble,Bìa 40 lá Double A,Vật tư hàng hóa,,,0.00 ,Kho HH,34.00 ,810000
file60double,Bìa 60 lá Double A,Vật tư hàng hóa,,,0.00 ,Kho HH,4.00 ,300000
filelaflax60,Bìa 60 lá DB03,Vật tư hàng hóa,,,0.00 ,Kho HH,0.00 ,0
Flex 067 xanh,Flex Bút bi 067 xanh,Vật tư hàng hóa,,,0.00 ,Kho HH,10.00 ,693000
Flexio Cal 04S,Máy tính Flexio Cal 04S,Vật tư hàng hóa,,,0.00 ,Kho HH,10.00 ,1136000
flifchart,Bảng Flipchart 0.8*1.2,Vật tư hàng hóa,,,0.00 ,Kho HH,4.00 ,7410000
Flipchart 0.6*1,Flipchart Khung TH 5 0.6*1,Vật tư hàng hóa,,,0.00 ,Kho HH,4.00 ,3040000
FO-PS02,Khay cắm bút xoay FO-PS02,Vật tư hàng hóa,,,0.00 ,Kho HH,6.00 ,282150
GA4NTR,Giấy A4 Natural 70,Vật tư hàng hóa,,,0.00 ,,0.00 ,0
gatmuc,Gạt mực máy in,Vật tư hàng hóa,,,0.00 ,Kho HH,0.00 ,0
ghimcaimau,Ghim cài màu,Vật tư hàng hóa,,,0.00 ,Kho HH,75.00 ,507825
ghimmunhua,Ghim mũ nhựa,Vật tư hàng hóa,,,0.00 ,Kho HH,44.00 ,310800
GHPP,Giấy hộp pulpy 180 tờ,Vật tư hàng hóa,,,0.00 ,,0.00 ,0
gia3ngandam,Giá 3 ngăn xanh đậm,Vật tư hàng hóa,,,0.00 ,Kho HH,66.00 ,2428900
gia3ngandeli9845,Giá để tài liệu 3 ngăn Deli 9845,Vật tư hàng hóa,,,0.00 ,Kho HH,2.00 ,290937
gia3nganMG,Giá 3 ngăn MG,Vật tư hàng hóa,,,0.00 ,Kho HH,0.00 ,0
gia3nganngoc,Giá 3 ngăn xanh ngọc,Vật tư hàng hóa,,,0.00 ,Kho HH,3.00 ,928000
gia3tangComi,Giá 3 tầng Comi,Vật tư hàng hóa,,,0.00 ,Kho HH,5.00 ,415000
gia3tangdam,Giá 3 tầng xanh đậm,Vật tư hàng hóa,,,0.00 ,Kho HH,19.00 ,1485000
Gia4nganMG,Giá 4 ngăn MG,Vật tư hàng hóa,,,0.00 ,,0.00 ,172000
gia6nganMG,Giá 6 ngăn MG,Vật tư hàng hóa,,,0.00 ,,0.00 ,100000
giaoanolyA4200tr,Giáo án oly A4 200trang,Vật tư hàng hóa,,,0.00 ,Kho HH,0.00 ,1392000
giatailieudeli5ngan,Giá để tài liệu 5 ngăn đứng Deli,Vật tư hàng hóa,,,0.00 ,Kho HH,2.00 ,958056
Giấy A0-ĐL,Giấy A0-ĐL,Vật tư hàng hóa,,,0.00 ,Kho HH,110.00 ,494000
giay anh 2 mat 200,Giấy ảnh 2 mặt ĐL 200,Vật tư hàng hóa,,,0.00 ,Kho HH,10.00 ,445000
giấy Green Pine 70,Giấy A4 Green Pine 70,Vật tư hàng hóa,,,0.00 ,Kho HH,98.00 ,10000000
giaybba460/84,Giấy Bãi Bằng A4 60/84 vỏ xanh,Vật tư hàng hóa,,,0.00 ,,24.00 ,7600000
giaybba460/90,Giấy Bãi Bằng A4 60/90,Vật tư hàng hóa,,,0.00 ,,0.00 ,0
giaybba470/84,Giấy Bãi Bằng A4 70/84,Vật tư hàng hóa,,,0.00 ,,0.00 ,0
giaybba470/90,Giấy Bãi Bằng A4 70/90,Vật tư hàng hóa,,,0.00 ,,0.00 ,0
giaybba570/90,Giấy Bãi Bằng A5 70/90,Vật tư hàng hóa,,,0.00 ,,0.00 ,0
giayca,Giấy in Card,Vật tư hàng hóa,,,0.00 ,,0.00 ,0
giayep,Giấy ép Plastic A4 dày,Vật tư hàng hóa,,,0.00 ,,5.00 ,2625000
giaygioithieu,Giấy giới thiệu,Vật tư hàng hóa,,,0.00 ,Kho HH,25.00 ,210000
giaygoiqua,Giấy gói quà,Vật tư hàng hóa,,,0.00 ,Kho HH,0.00 ,76000
giayinanh115,Giấy in ảnh 1 mặt ĐL115,Vật tư hàng hóa,,,0.00 ,Kho HH,7.00 ,748000
giayinanh135,Giấy in ảnh 1 mặt ĐL135,Vật tư hàng hóa,,,0.00 ,Kho HH,8.00 ,577000
giayinnhiet35*25*30m,Giấy in nhiệt 35*25*30m,Vật tư hàng hóa,,,0.00 ,Kho HH,0.00 ,500000
giayn3m,Nhổ ghim EG 1039,Vật tư hàng hóa,,,0.00 ,,9.00 ,220000
giayn76,Giấy nhớ 76mm x 76mm,Vật tư hàng hóa,,,0.00 ,,0.00 ,0
giaynhomau,Giấy nhớ màu giấy,Vật tư hàng hóa,,,120.00 ,Kho HH,0.00 ,0
giaynhomaunhua,Giấy nhớ màu nhựa,Vật tư hàng hóa,,,220.00 ,Kho HH,0.00 ,0
giaynhoNice3*2,Giấy nhớ Nice 3*2,Vật tư hàng hóa,,,0.00 ,Kho HH,1.00 ,150000
giaynhoNice3*3,Giấy nhớ Nice 3*3,Vật tư hàng hóa,,,0.00 ,Kho HH,0.00 ,207000
giaynhoNice3*4,Giấy nhớ Nice 3*4,Vật tư hàng hóa,,,0.00 ,Kho HH,12.00 ,258000
giaynhoNice3*5,Giấy nhớ Nice 3*5,Vật tư hàng hóa,,,0.00 ,Kho HH,0.00 ,206000
giaythanCL,Giấy than Cửu Long,Vật tư hàng hóa,,,0.00 ,Kho HH,2.00 ,225000
giaythanhors,Giấy than Hors,Vật tư hàng hóa,,,0.00 ,,39.00 ,2645000
giaythanThai,Giấy than Thái Gstar,Vật tư hàng hóa,,,0.00 ,,3.00 ,309000
giaythepbb,Giấy thếp Bãi Bằng,Vật tư hàng hóa,,,0.00 ,Kho HH,40.00 ,372000
giaythucongdecal,Giấy thủ công dán Decal,Vật tư hàng hóa,,,0.00 ,Kho HH,15.00 ,109000
giaythucongthuong,Giấy thủ công thường,Vật tư hàng hóa,,,0.00 ,Kho HH,20.00 ,64000
giayveanh,Giấy vẽ ảnh,Vật tư hàng hóa,,,0.00 ,Kho HH,0.00 ,225000
gimcc62,Ghim cài C62,Vật tư hàng hóa,,,0.00 ,Kho HH,551.00 ,2300080
got chi SP002,Gọt chì SP002,Vật tư hàng hóa,,,0.00 ,Kho HH,72.00 ,172800
gotchideli578,Gọt chì Deli 578,Vật tư hàng hóa,,,0.00 ,Kho HH,45.00 ,229992
gotchiTLnho,Gọt bút chì TL,Vật tư hàng hóa,,,0.00 ,Kho HH,29.00 ,90000
GP777,Bút nước GP777,Vật tư hàng hóa,,,50.00 ,Kho HH,0.00 ,0
GVS,GVS Emos Clas 12C 02 lớp,Vật tư hàng hóa,,,0.00 ,Kho HH,15.00 ,6214000
GVSblesyouholdme,Giấy vệ sinh Blessyou hold me 10 cuộn,Vật tư hàng hóa,,,0.00 ,Kho HH,0.00 ,3000000
haplus80tr,Vở kẻ ngang Haplus 80tr,Vật tư hàng hóa,,,0.00 ,Kho HH,28.00 ,264750
HDBL,Hóa đơn bán lẻ dày,Vật tư hàng hóa,,,0.00 ,Kho HH,122.00 ,1370000
"hdbl, pxk,thuchi mong","HĐBL, PXK, thu chi 1 liên mỏng",Vật tư hàng hóa,,,0.00 ,Kho HH,0.00 ,15000
"HĐBL, thu chi , NX A4 BB","HĐBL, thu chi, nhập xuất A4 BB",Vật tư hàng hóa,,,0.00 ,Kho HH,30.00 ,156000
"HDBL, XNK BB A4","Hóa đơn bán lẻ, xnk BB A4",Vật tư hàng hóa,,,0.00 ,Kho HH,105.00 ,572000
hdblA4,Hóa đơn bán lẻ A4 dày,Vật tư hàng hóa,,,0.00 ,Kho HH,60.00 ,332000
hdblthuchi2lien,"Hóa đơn bán lẻ, thu chi 2 liên",Vật tư hàng hóa,,,0.00 ,Kho HH,366.00 ,5665500
HDD-TT,HDD-TT,Vật tư hàng hóa,,,0.00 ,Kho HH,66.00 ,262350
HH 120 tr 1635,HH 120 trang 1635,Vật tư hàng hóa,,,0.00 ,Kho HH,10.00 ,48300
HH 200 tr 1636,HH 200 trang 1636,Vật tư hàng hóa,,,0.00 ,Kho HH,5.00 ,1861110
HH 72 tr 1634,HH 72 trang 1634,Vật tư hàng hóa,,,0.00 ,Kho HH,10.00 ,30240
HH 80tr 0515,HH 80 trang 0515,Vật tư hàng hóa,,,0.00 ,Kho HH,5.00 ,43260
HH360tr,Giáo án cao cấp Hồng Hà 360tr ,Vật tư hàng hóa,,,0.00 ,Kho HH,3.00 ,245000
HH48tr0509,Vở ô ly HH 48tr 0509,Vật tư hàng hóa,,,0.00 ,,89.00 ,604240
HH48tr0532,Vở ô ly HH 48tr 0532,Vật tư hàng hóa,,,0.00 ,,291.00 ,1786455
HH80tr0549,Vở ô ly HH 80tr 0549,Vật tư hàng hóa,,,0.00 ,,10.00 ,86520
ho8g,Hồ khô 8g,Vật tư hàng hóa,,,0.00 ,,0.00 ,0
hopb,hộp bút,Vật tư hàng hóa,,,0.00 ,,0.00 ,0
hopbf01,Cặp hộp Flax BF01 5cm,Vật tư hàng hóa,,,0.00 ,,0.00 ,0
hopbutdeli904,Hộp bút Deli 904,Vật tư hàng hóa,,,0.00 ,Kho HH,11.00 ,357498
hopbutdeli906,Hộp bút Deli 906,Vật tư hàng hóa,,,0.00 ,Kho HH,6.00 ,350088
hopbutnamchamto,Hộp bút nam châm to,Vật tư hàng hóa,,,0.00 ,Kho HH,0.00 ,1271000
hopbutre,Hộp bút nhựa rẻ,Vật tư hàng hóa,,,0.00 ,,0.00 ,36000
hopbutxoayHR,Hộp bút xoay HR,Vật tư hàng hóa,,,0.00 ,,60.00 ,1792000
hopdaumuckhongmuc9894,Hộp dấu sắt không mực Deli 9894,Vật tư hàng hóa,,,0.00 ,Kho HH,10.00 ,201480
hopdeliw31116,Cặp hộp Deli W31116 7cm,Vật tư hàng hóa,,,0.00 ,Kho HH,27.00 ,1525860
hopdeliw38117,Cặp hộp Deli W38117 10cm,Vật tư hàng hóa,,,0.00 ,Kho HH,93.00 ,5882400
hopdgdeli9881,Hộp đựng ghim deli 9881,Vật tư hàng hóa,,,0.00 ,Kho HH,36.00 ,360789
HopEKE10cm,Cặp hộp EKE 10cm,Vật tư hàng hóa,,,0.00 ,Kho HH,87.00 ,1865500
HopEKE15cm,Cặp hộp EKE 15cm,Vật tư hàng hóa,,,0.00 ,Kho HH,60.00 ,1819000
HopEKE20cm,Cặp hộp EKE 20cm,Vật tư hàng hóa,,,0.00 ,Kho HH,77.00 ,5759600
HopEKE25cm,Cặp hộp EKE 25cm,Vật tư hàng hóa,,,0.00 ,Kho HH,30.00 ,2228200
HopEKE30cm,Hộp EKE 30cm,Vật tư hàng hóa,,,0.00 ,Kho HH,20.00 ,874000
HopEKE5cm,Cặp hộp EKE 5cm,Vật tư hàng hóa,,,0.00 ,Kho HH,56.00 ,1010000
HopEKE7cm,Cặp hộp EKE 7cm,Vật tư hàng hóa,,,0.00 ,Kho HH,60.00 ,1485750
hopmucdaudeli9892,Hộp mực dấu sắt Deli 9892,Vật tư hàng hóa,,,0.00 ,Kho HH,6.00 ,262560
hoso,Hồ sơ có lõi,Vật tư hàng hóa,,,0.00 ,Kho HH,280.00 ,1154000
hosoday,Hồ sơ có dây buộc,Vật tư hàng hóa,,,0.00 ,,77.00 ,858700
hosohs,Hồ sơ học sinh sinh viên,Vật tư hàng hóa,,,0.00 ,,26.00 ,52000
hosokhongloi,Hồ sơ không lõi,Vật tư hàng hóa,,,0.00 ,,155.00 ,297000
HP01,Túi khuy HP 01,Vật tư hàng hóa,,,0.00 ,Kho HH,460.00 ,1050000
HP06,Túi khuy HP06,Vật tư hàng hóa,,,0.00 ,Kho HH,"1,290.00 ",1712500
Hplus 200tr,Hplus 200tr,Vật tư hàng hóa,,,0.00 ,Kho HH,5.00 ,43800
"Hplus 80tr 5501,5655",Hplus 80tr dán gáy 5501 5655 5716 5747,Vật tư hàng hóa,,,0.00 ,Kho HH,300.00 ,1176600
Hplus80tr,Vở Hplus 80tr,Vật tư hàng hóa,,,0.00 ,Kho HH,420.00 ,1639820
hs40,Clear Holder (40 pockets) HS 40 lá,Vật tư hàng hóa,,,0.00 ,,0.00 ,0
HT 120tr 2524,HT 120tr Ms 2524,Vật tư hàng hóa,,,0.00 ,Kho HH,0.00 ,48840
HT 72tr 2500,Hải Tiến Pupil 72 ms 2500,Vật tư hàng hóa,,,0.00 ,Kho HH,910.00 ,5610800
HT 80tr 2516,HT 80tr Ms 2516,Vật tư hàng hóa,,,0.00 ,Kho HH,10.00 ,1704280
HT160trB5,Sổ da B5 160tr Hải Tiến,Vật tư hàng hóa,,,0.00 ,Kho HH,36.00 ,408900
HT160trB7,Sổ da B7 160tr Hải Tiến,Vật tư hàng hóa,,,0.00 ,Kho HH,12.00 ,374800
HT160trB8,Sổ da B8 160tr Hải Tiến,Vật tư hàng hóa,,,0.00 ,Kho HH,27.00 ,644320
HT240trKB8,Sổ da KB8 240tr Hải Tiến,Vật tư hàng hóa,,,0.00 ,Kho HH,1.00 ,1496000
HT3521,Vở kẻ ngang Nature 140tr 3521,Vật tư hàng hóa,,,0.00 ,Kho HH,0.00 ,15000
ht415,Bánh Totitas HT 415Gr Arcor,Vật tư hàng hóa,,,0.00 ,,0.00 ,0
HTB2,Sổ da B2 Hải Tiến,Vật tư hàng hóa,,,0.00 ,Kho HH,14.00 ,86000
HTB6160,Sổ da Hải Tiến B6-160Trang,Vật tư hàng hóa,,,0.00 ,Kho HH,35.00 ,552540
HTT60,Sổ da T60 200tr Hải Tiến,Vật tư hàng hóa,,,0.00 ,,1.00 ,18500
hyphen036,Trình ký Hyphen 2 mặt xi,Vật tư hàng hóa,,,0.00 ,,51.00 ,1165000
ikplus A3,Giấy in Plus A3,Vật tư hàng hóa,,,0.00 ,Kho HH,28.00 ,5535000
ikplusa4,Giấy IK Plus A4,Vật tư hàng hóa,,,0.00 ,Kho HH,505.00 ,164538500
ikplusa5,Giấy in A5 plus DL 70,Vật tư hàng hóa,,,0.00 ,Kho HH,106.00 ,9390250
"in A3, A4 Decan Dong A","In A3, A4 Decan Đông Á",Vật tư hàng hóa,,,0.00 ,Kho HH,0.00 ,100000
in tờ rơi FPT A5,In tờ rơi FPT khổ A5,Vật tư hàng hóa,,,0.00 ,Kho HH,0.00 ,1350000
ina4,Giấy in A4,Vật tư hàng hóa,,,0.00 ,,0.00 ,0
Inbatduaxeosung,In bạt giải đua xe Ô sung,Vật tư hàng hóa,,,0.00 ,Kho HH,0.00 ,100000
inbiacungnoeldonga,In bìa cứng Noel Đông Á,Vật tư hàng hóa,,,0.00 ,Kho HH,0.00 ,300000
Indecan A3,In Decan A3 Đông Á,Vật tư hàng hóa,,,0.00 ,Kho HH,0.00 ,12000
Indecan A4,In Decan A4,Vật tư hàng hóa,,,0.00 ,Kho HH,0.00 ,7000
inmauspetrah,Giấy in màu Vina Spetra đỏ,Vật tư hàng hóa,,,0.00 ,,0.00 ,0
inmauspetrax,Giấy in màu Vina Spetra xanh,Vật tư hàng hóa,,,0.00 ,,3.00 ,234000
inthongbaonghitet,In Thông báo nghỉ Tết ĐÔng Á,Vật tư hàng hóa,,,0.00 ,Kho HH,0.00 ,24000
jf120bm,Máy tính Casio JF120BM,Vật tư hàng hóa,,,0.00 ,,6.00 ,4550000
jf120ms,Máy tính Casio JF120MS,Vật tư hàng hóa,,,0.00 ,,0.00 ,0
js20,Máy tính Casio JS20,Vật tư hàng hóa,,,0.00 ,,0.00 ,0
js40,Máy tính Casio JS40,Vật tư hàng hóa,,,0.00 ,,0.00 ,0
k80*80,Giấy in nhiệt K80*80,Vật tư hàng hóa,,,0.00 ,Kho HH,40.00 ,2220000
Kệ Mica A4 đứng,Kệ Mica A4 đứng,Vật tư hàng hóa,,,0.00 ,Kho HH,8.00 ,1360000
kengang120tr,Vở học sinh Hplus 120trang 5723,Vật tư hàng hóa,,,0.00 ,Kho HH,360.00 ,2973875
kengang120tr2814,Vở kẻ ngang 4 mùa 120tr 2814,Vật tư hàng hóa,,,0.00 ,Kho HH,1.00 ,9400
Keo SC101 PRo,Kéo SC101 Pro,Vật tư hàng hóa,,,0.00 ,Kho HH,32.00 ,321300
Keo SC102 PRo,Kéo SC102 Pro,Vật tư hàng hóa,,,0.00 ,Kho HH,36.00 ,391680
kéo01,Kéo SC 01,Vật tư hàng hóa,,,0.00 ,,0.00 ,0
keo121,Kéo thủ công TC121,Vật tư hàng hóa,,,0.00 ,,15.00 ,60000
keo502deli,Keo 502 Deli 7146,Vật tư hàng hóa,,,0.00 ,,9.00 ,30000
keobkt06,Băng keo BKT06,Vật tư hàng hóa,,,0.00 ,Kho HH,12.00 ,153000
keoflaxSc02,Kéo văn phòng SC-02,Vật tư hàng hóa,,,0.00 ,,12.00 ,204000
keokhoDA,Keo khô Double A,Vật tư hàng hóa,,,0.00 ,Kho HH,115.00 ,192000
keokhogstar,Keo khô Gstar,Vật tư hàng hóa,,,0.00 ,Kho HH,25.00 ,7000
keokhoMG,Keo khô MG,Vật tư hàng hóa,,,0.00 ,Kho HH,29.00 ,180000
keokhovangDA,Keo khô siêu dính Double A vàng,Vật tư hàng hóa,,,0.00 ,Kho HH,21.00 ,360000
keonennho,Keo nến nhỏ,Vật tư hàng hóa,,,0.00 ,Kho HH,13.00 ,11700
keonento,Keo nến to,Vật tư hàng hóa,,,0.00 ,Kho HH,13.00 ,67100
keonhos08,Kéo nhỡ F180,Vật tư hàng hóa,,,0.00 ,Kho HH,60.00 ,603000
keonuocgl,Keo nước GL 30ml,Vật tư hàng hóa,,,0.00 ,Kho HH,414.00 ,909348
keos007,Kéo nhỏ,Vật tư hàng hóa,,,0.00 ,Kho HH,104.00 ,842800
keos008,Kéo nhỡ S008,Vật tư hàng hóa,,,0.00 ,Kho HH,100.00 ,912000
keos100,Kéo to S100,Vật tư hàng hóa,,,0.00 ,Kho HH,97.00 ,1578000
keosat,Kéo sắt S009,Vật tư hàng hóa,,,0.00 ,,0.00 ,0
keot08,Băng keo BK T08,Vật tư hàng hóa,,,0.00 ,Kho HH,71.00 ,1196000
kep mau 41mm Eras,Kẹp màu 41mm Eras,Vật tư hàng hóa,,,0.00 ,Kho HH,20.00 ,550000
kep mau 51mm Eras,Kẹp màu 51mm Eras ,Vật tư hàng hóa,,,0.00 ,Kho HH,20.00 ,374000
kepbin,Kẹp BINDER CLIPS 25mm DOUBLE A,Vật tư hàng hóa,,,0.00 ,,47.00 ,0
kepbin32,Kẹp BINDER CLIPS 32mm DOUBLE A,Vật tư hàng hóa,,,0.00 ,,16.00 ,0
kepmaudeli41,Kẹp màu Deli 41mm,Vật tư hàng hóa,,,0.00 ,Kho HH,0.00 ,72000
kepmaudeli51,Kẹp màu Deli 51mm,Vật tư hàng hóa,,,0.00 ,Kho HH,0.00 ,42000
kepmausaiko25mm,Kẹp màu Saiko 25mm/12c,Vật tư hàng hóa,,,0.00 ,Kho HH,9.00 ,95000
kepq324,Kẹp rút Q324,Vật tư hàng hóa,,,0.00 ,,0.00 ,0
kepxoayTL,File kẹp xoay TL324,Vật tư hàng hóa,,,0.00 ,,35.00 ,179500
kghWatersilk,"Khăn giấy hộp Wtersil xanh,đỏ",Vật tư hàng hóa,,,0.00 ,Kho HH,50.00 ,991500
khandocovien,Khăn đỏ đẹp có viền,Vật tư hàng hóa,,,0.00 ,Kho HH,(100.00),0
khang,Khăn giấy,Vật tư hàng hóa,,,0.00 ,,0.00 ,0
khangh,Khăn giấy hộp,Vật tư hàng hóa,,,0.00 ,,0.00 ,0
khangiayblessyouholdme,Khăn giấy ăn Blessyouhold me 250,Vật tư hàng hóa,,,0.00 ,Kho HH,0.00 ,935000
khangiayuotMamay80,Khăn giấy ướt Mamamy80 tờ,Vật tư hàng hóa,,,0.00 ,Kho HH,4.00 ,460000
khanlaubangnamcham ,Khăn lau bảng nam châm gài bút,Vật tư hàng hóa,,,0.00 ,Kho HH,1.00 ,15000
khay mica để bàn A4,Khay Mica để bàn A4,Vật tư hàng hóa,,,0.00 ,Kho HH,5.00 ,850000
khaybutgo5004,Khay đựng bút giả gỗ 5004,Vật tư hàng hóa,,,0.00 ,Kho HH,2.00 ,150000
khaybutgo5018,Khay bút gỗ mã 5018,Vật tư hàng hóa,,,0.00 ,Kho HH,10.00 ,1113000
khaycambutFO-PS01(48/t),Khay cắm bút FO-PS01(48/t),Vật tư hàng hóa,,,0.00 ,Kho HH,4.00 ,135850
khaymica3tangdeli,Khay mica trong 3 tầng Deli,Vật tư hàng hóa,,,0.00 ,Kho HH,1.00 ,615742
khung di động 1.2*1.8,Khung di động 1.2*1.8,Vật tư hàng hóa,,,0.00 ,Kho HH,1.00 ,462000
khungdidong0.8*1.2,Khung di động 0.8*1.2,Vật tư hàng hóa,,,0.00 ,Kho HH,6.00 ,1230000
khungdidong1.2*1.5,Khung di động 1.2/1.5,Vật tư hàng hóa,,,0.00 ,Kho HH,4.00 ,1321000
khungdidong1.2*2.4,Khung di động 1.2*2.4,Vật tư hàng hóa,,,0.00 ,Kho HH,1.00 ,240000
khungdidong12*1.6,Khung di động có giằng bánh xe 1.2*1.6,Vật tư hàng hóa,,,0.00 ,Kho HH,1.00 ,231000
kiemtra C2 campus,Kiểm tra C2 Campus,Vật tư hàng hóa,,,0.00 ,Kho HH,10.00 ,102500
KimThanh56,Bút máy Kim Thành 56,Vật tư hàng hóa,,,0.00 ,Kho HH,5.00 ,215000
Klong 200tr,Sổ may Klong 200tr,Vật tư hàng hóa,,,0.00 ,Kho HH,70.00 ,1255400
Klong 320tr,Sổ may Klong 320tr,Vật tư hàng hóa,,,0.00 ,Kho HH,11.00 ,270000
Klong 344 B5-200tr,Sổ bìa da khuy bấm Klong B5-200tr  344,Vật tư hàng hóa,,,0.00 ,Kho HH,10.00 ,288300
Klong 346 B5-320tr,Sổ bìa da Klong B5 320tr MS346,Vật tư hàng hóa,,,0.00 ,Kho HH,10.00 ,364560
Klong 420tr,Sổ may KLong 420tr,Vật tư hàng hóa,,,0.00 ,Kho HH,11.00 ,336300
Klong 500tr,Sổ may Klong 500tr,Vật tư hàng hóa,,,0.00 ,Kho HH,10.00 ,340000
Klong B5 420tr,Sổ da Klong B5 420tr MS 348,Vật tư hàng hóa,,,0.00 ,Kho HH,1.00 ,46128
Klong MS 339C,Sổ may Klong 200tr A6 MS 339C,Vật tư hàng hóa,,,0.00 ,Kho HH,20.00 ,119040
Klong MS310,Sổ may Klong MS310-260tr,Vật tư hàng hóa,,,0.00 ,Kho HH,1.00 ,415800
Klong MS311,Sổ may Klong MS311-320tr,Vật tư hàng hóa,,,0.00 ,Kho HH,14.00 ,427500
Klong MS316,Sổ may Klong MS316-360tr,Vật tư hàng hóa,,,0.00 ,Kho HH,4.00 ,299820
Klong sổ da A4 MS 332-300,Klong sổ da A4 MS 332-300tr,Vật tư hàng hóa,,,0.00 ,Kho HH,10.00 ,405650
Klong200tr,Sổ da mềm A4 200tr 330N,Vật tư hàng hóa,,,0.00 ,,6.00 ,472500
Klong400tr,Sổ da mềm A4 400tr 333N,Vật tư hàng hóa,,,0.00 ,,0.00 ,0
KM in anh 1 mat DL115,KM in ảnh 1 mặt ĐL 115,Vật tư hàng hóa,,,0.00 ,Kho HH,10.00 ,480000
KM in anh 1 mat DL200,KM in ảnh 1 mặt ĐL 200,Vật tư hàng hóa,,,0.00 ,Kho HH,5.00 ,225000
KM in anh 2 mat DL 200,KM in ảnh 2 mặt ĐL 200,Vật tư hàng hóa,,,0.00 ,Kho HH,10.00 ,450000
KN02,Dao cắt giấy KN02,Vật tư hàng hóa,,,0.00 ,Kho HH,20.00 ,250000
kn03,Dao dọc giấy KN-03,Vật tư hàng hóa,,,0.00 ,,0.00 ,0
kn04,Dao dọc giấy FO KN04,Vật tư hàng hóa,,,0.00 ,,0.00 ,0
Kokuyo7cm,Cặp càng cua Kokuyo 7cm khổ F,Vật tư hàng hóa,,,0.00 ,Kho HH,484.00 ,21640000
Kokuyo9cm,Cặp càng cua Kokuyo 9cm khổ F,Vật tư hàng hóa,,,0.00 ,Kho HH,54.00 ,2444000
Kpop120tr,Vở kẻ ngang Kpop 120tr 2920,Vật tư hàng hóa,,,0.00 ,Kho HH,0.00 ,0
KT32,Bút bi Kim Thành,Vật tư hàng hóa,,,0.00 ,Kho HH,8.00 ,290000
ktrac1ccHT,Kiểm tra cấp 1 cc Hải Tiến,Vật tư hàng hóa,,,0.00 ,Kho HH,0.00 ,34000
ktrac1HT,Kiểm tra C1 Hải Tiến,Vật tư hàng hóa,,,0.00 ,Kho HH,0.00 ,57500
ktrac2HT,Kiểm tra C2 Hải Tiến,Vật tư hàng hóa,,,0.00 ,Kho HH,0.00 ,100000
Ktrac3HT,Kiểm tra C3 Hải Tiến,Vật tư hàng hóa,,,0.00 ,Kho HH,0.00 ,145000
kw23/10,Chân ghim KW 23/10,Vật tư hàng hóa,,,0.00 ,,64.00 ,680000
kw23/13,Chân ghim KW 23/13,Vật tư hàng hóa,,,0.00 ,Kho HH,35.00 ,447000
kw23/15,Chân ghim KW 23/15,Vật tư hàng hóa,,,0.00 ,Kho HH,18.00 ,266000
kw23/17,Chân ghim KW 23/17,Vật tư hàng hóa,,,0.00 ,,18.00 ,262400
kw23/20,Chân ghim KW 23/20,Vật tư hàng hóa,,,0.00 ,,41.00 ,620400
kw23/23,Chân ghim KW 23/23,Vật tư hàng hóa,,,0.00 ,Kho HH,29.00 ,566200
kw23/8,Chân ghim KW 23/8,Vật tư hàng hóa,,,0.00 ,Kho HH,52.00 ,497000
KW9060,Đục lỗ nhỏ 9060,Vật tư hàng hóa,,,0.00 ,Kho HH,5.00 ,250000
KW978,Đục lỗ to KW978,Vật tư hàng hóa,,,0.00 ,Kho HH,11.00 ,1230000
la0.35,Nước khoáng Lavie 0.35l,Vật tư hàng hóa,,,0.00 ,,0.00 ,0
la0.5,Nước khoán Lavie 0.5l,Vật tư hàng hóa,,,0.00 ,,0.00 ,0
la1.5,"Nước khoáng Lavie 1,5l",Vật tư hàng hóa,,,0.00 ,,0.00 ,0
laf12,Bìa còng 70A4(1 mặt si) FO--LAF 12,Vật tư hàng hóa,,,0.00 ,,0.00 ,0
lantayshiny SP1,Lăn tay Shiny SP1,Vật tư hàng hóa,,,0.00 ,Kho HH,12.00 ,396000
laubang,Bông lau bảng Deli,Vật tư hàng hóa,,,0.00 ,Kho HH,23.00 ,646596
laubangbn,Bông lau bảng BN,Vật tư hàng hóa,,,0.00 ,,0.00 ,47810
lichblogdai,Lịch blog đại Ngân Hà 75,Vật tư hàng hóa,,,0.00 ,Kho HH,6.00 ,756000
lichchuAdon,Lịch chữ A đơn đứng,Vật tư hàng hóa,,,0.00 ,Kho HH,0.00 ,20000
lichchuAdung,Lịch chữ A đơn đứng,Vật tư hàng hóa,,,0.00 ,Kho HH,19.00 ,1900000
lichcucdai450,Lịch cực đại 450,Vật tư hàng hóa,,,0.00 ,Kho HH,1.00 ,261000
lichdaiankhanh190,Lịch đại đặc biệt An Khánh 190,Vật tư hàng hóa,,,0.00 ,Kho HH,0.00 ,2755000
lichdebandegiayvh,Lịch để bàn đế giấy VH,Vật tư hàng hóa,,,0.00 ,Kho HH,0.00 ,561000
lichdebandenhuavh,Lịch để bàn đế nhựa VH,Vật tư hàng hóa,,,0.00 ,Kho HH,0.00 ,1425000
lichloxo7to,Lịch lò xo 7 tờ,Vật tư hàng hóa,,,0.00 ,Kho HH,270.00 ,5670000
lichloxo8to,Lịch lò xo 7 tờ,Vật tư hàng hóa,,,0.00 ,,0.00 ,0
lichsieudai250,Lịch siêu đại Thăng Long 250,Vật tư hàng hóa,,,0.00 ,Kho HH,3.00 ,435000
lichtodon,Lịch tờ đơn,Vật tư hàng hóa,,,0.00 ,Kho HH,300.00 ,1100000
Lo xo A4 200tr,Sổ lò xo A4 200tr HT,Vật tư hàng hóa,,,0.00 ,Kho HH,3.00 ,108000
LPXD,Lệ phí xăng dầu,Dịch vụ,,,0.00 ,,0.00 ,0
luoibl02,Lưỡi dao dọc giấy BL02,Vật tư hàng hóa,,,0.00 ,,0.00 ,0
luoidaodelito,Lưỡi dao dọc giấy Deli to 2011,Vật tư hàng hóa,,,0.00 ,Kho HH,17.00 ,764009
luoidaonho1403,Lưỡi dao nhỏ SDI 1403,Vật tư hàng hóa,,,0.00 ,Kho HH,141.00 ,1696000
luoidaoto1404,Lưỡi dao to SDI 1404,Vật tư hàng hóa,,,0.00 ,Kho HH,"1,265.00 ",9030800
luoilam,Lưỡi lam,Vật tư hàng hóa,,,0.00 ,,10.00 ,150000
Manchieu,Màn Chiếu ,Vật tư hàng hóa,,,0.00 ,Kho HH,0.00 ,1200000
mangchit,Màng chít,Vật tư hàng hóa,,,0.00 ,Kho HH,0.00 ,822000
matthengangdoc,"Mặt thẻ nhựa nhỏ nang, dọc",Vật tư hàng hóa,,,0.00 ,Kho HH,"1,342.00 ",1726600
mau15mm,Kẹp màu 15mm nhỏ,Vật tư hàng hóa,,,0.00 ,Kho HH,10.00 ,105000
mau19mm,Kẹp màu 19mm nhỏ,Vật tư hàng hóa,,,0.00 ,Kho HH,10.00 ,84000
mau25mm,Kẹp màu 25mm nhỏ,Vật tư hàng hóa,,,0.00 ,Kho HH,10.00 ,89000
Máy tính 403TV,Máy tính 403TV,Vật tư hàng hóa,,,0.00 ,Kho HH,50.00 ,2100000
Máy tính 570ESplus,Máy tính 570ESplus,Vật tư hàng hóa,,,0.00 ,Kho HH,6.00 ,1080000
Máy tính 570NS,Máy tính 570NS,Vật tư hàng hóa,,,0.00 ,Kho HH,5.00 ,400000
Máy tính Casio FX 580 VN ,Máy tính Casio FX 580 VN ,Vật tư hàng hóa,,,0.00 ,Kho HH,1.00 ,510000
Máy tính DF88BM,Máy tính DF88BM,Vật tư hàng hóa,,,0.00 ,Kho HH,30.00 ,4200000
Máy tính JF66TV,Máy tính FJ66TV,Vật tư hàng hóa,,,0.00 ,Kho HH,30.00 ,3600000
maybangia 7504,Máy bắn giá Deli 7504,Vật tư hàng hóa,,,0.00 ,Kho HH,1.00 ,132858
maykhoan 3876,Máy khoan chứng từ 3876,Vật tư hàng hóa,,,0.00 ,Kho HH,1.00 ,1952145
maytdf120,Máy tính Casio DF 120,Vật tư hàng hóa,,,0.00 ,,8.00 ,2100000
maytdj220,Máy tính CASIO DJ220D,Vật tư hàng hóa,,,0.00 ,,0.00 ,0
maytfx570,Máy tính FX 570,Vật tư hàng hóa,,,0.00 ,,5.00 ,3210000
maytinhcasiojs40b,Máy tính Casio JS 40B,Vật tư hàng hóa,,,0.00 ,Kho HH,0.00 ,990000
maytinhcasiothuong,Máy tính Casio 12 số thường,Vật tư hàng hóa,,,0.00 ,Kho HH,4.00 ,180000
maytinhdeli1239,Máy tính Deli 12 số 1239,Vật tư hàng hóa,,,0.00 ,Kho HH,21.00 ,4808473
maytmx120,Máy tính CASIO MX120S,Vật tư hàng hóa,,,0.00 ,,0.00 ,0
Menu Mica A6 đứng,Menu Mica A6 đứng,Vật tư hàng hóa,,,0.00 ,Kho HH,30.00 ,495000
Menua5,Tờ Menu A5 Hyundai,Vật tư hàng hóa,,,0.00 ,Kho HH,0.00 ,6000
menudebân4,Menu để bàn A4,Vật tư hàng hóa,,,0.00 ,Kho HH,0.00 ,275000
menudebana5,Menu deban A5,Vật tư hàng hóa,,,0.00 ,Kho HH,10.00 ,300000
MG92706,Máy bấm ghim MG 92706,Vật tư hàng hóa,,,0.00 ,Kho HH,3.00 ,280000
mgact18075,Xóa băng nhỏ MG ACT18075,Vật tư hàng hóa,,,0.00 ,Kho HH,81.00 ,750900
MGQ7,Bút nước Q7 ,Vật tư hàng hóa,,,0.00 ,Kho HH,584.00 ,1842828
mgtr3,"bút bi MG TR3 xanh,đen",Vật tư hàng hóa,,,0.00 ,Kho HH,"1,520.00 ",6416000
MGxoa5571,Xóa băng to MG 5571,Vật tư hàng hóa,,,0.00 ,Kho HH,19.00 ,307800
Mica chức danh A4,Mica chức danh A4,Vật tư hàng hóa,,,0.00 ,Kho HH,0.00 ,950000
Móc đôi G38,Móc đôi G38 to,Vật tư hàng hóa,,,0.00 ,Kho HH,10.00 ,140000
mocnhuatreotuong,Móc nhựa treo tường,Vật tư hàng hóa,,,0.00 ,Kho HH,0.00 ,108000
moctreocardcase,Móc treo cardcase nhỏ,Vật tư hàng hóa,,,0.00 ,Kho HH,0.00 ,440000
muc dau CL,Mực dấu CL,Vật tư hàng hóa,,,0.00 ,Kho HH,0.00 ,130000
muc dau lan tay den E161,Mực dấu lăn tay màu đen E161,Vật tư hàng hóa,,,0.00 ,Kho HH,4.00 ,560000
Mực in Brother,Mực in Brother 100g,Vật tư hàng hóa,,,0.00 ,Kho HH,0.00 ,990000
muc in da nang,Mực in đa năng ,Vật tư hàng hóa,,,0.00 ,Kho HH,0.00 ,1127000
mucdadauTL PMI-01,Mực dạ dầu TL PMI-01,Vật tư hàng hóa,,,0.00 ,Kho HH,0.00 ,4793904
mucdaudáuhinny,"Mực dấu dầu Shiny xanh, đen, đỏ",Vật tư hàng hóa,,,0.00 ,Kho HH,13.00 ,975000
mucdaudeli,Mực dấu Deli,Vật tư hàng hóa,,,0.00 ,Kho HH,12.00 ,225986
mucdaushinny,"Mực dấu Shiny đỏ,xanh",Vật tư hàng hóa,,,0.00 ,Kho HH,192.00 ,8786000
mucdautrodat,Mực dấu Trodat,Vật tư hàng hóa,,,0.00 ,Kho HH,0.00 ,141000
muchh,Mực Hồng Hà xanh đen,Vật tư hàng hóa,,,0.00 ,,20.00 ,75004
mucinfle,Mực in laser Flexoffice,Vật tư hàng hóa,,,0.00 ,,0.00 ,2242000
mucinhpcanon,Mục in Canon-HP,Vật tư hàng hóa,,,0.00 ,Kho HH,10.00 ,1100000
Mylac 1 mặt A4 ML5004,Trình ký Mylac 1 mặt ML5004,Vật tư hàng hóa,,,0.00 ,Kho HH,50.00 ,575000
namchamla A4,Nam châm lá A4 các màu,Vật tư hàng hóa,,,0.00 ,Kho HH,15.00 ,465000
namchamnuminox,Nam châm núm Inox,Vật tư hàng hóa,,,0.00 ,Kho HH,63.00 ,310000
namchamphi2hop,Nam châm phi 2 hộp ,Vật tư hàng hóa,,,0.00 ,Kho HH,7.00 ,83000
namchamvinhomau,Nam châm màu vỉ nhỡ,Vật tư hàng hóa,,,0.00 ,Kho HH,8.00 ,240000
Namecard,Name card Bùi Thị Thu Thủy,Vật tư hàng hóa,,,0.00 ,Kho HH,0.00 ,240000
ngoaidep,Bìa ngoại đẹp,Vật tư hàng hóa,,,0.00 ,,26.00 ,780000
ngocxuan72tr,Vở Ngọc Xuân 72tr,Vật tư hàng hóa,,,0.00 ,,6.00 ,21000
ngòi bút KT 05,Ngòi bút KT 05 2 màu,Vật tư hàng hóa,,,0.00 ,Kho HH,20.00 ,55000
nhan vo Classmate,Nhãn vở Classmate,Vật tư hàng hóa,,,0.00 ,Kho HH,60.00 ,214000
nhanv,Nhãn vở,Vật tư hàng hóa,,,0.00 ,,0.00 ,0
nhanvo VH,Nhãn vở VH,Vật tư hàng hóa,,,0.00 ,Kho HH,10.00 ,6000
nhietsa57,Giấy in nhiệt Sazaki K57,Vật tư hàng hóa,,,0.00 ,Kho HH,170.00 ,5712000
nhietsa80,Giấy in nhiệt Sazaki K80,Vật tư hàng hóa,,,0.00 ,Kho HH,800.00 ,37540000
nhoghimnho0232,Nhổ ghim nhỏ Deli 0232,Vật tư hàng hóa,,,0.00 ,Kho HH,43.00 ,515412
nhoghimtoKW05093,Nhổ ghim to KW 05093,Vật tư hàng hóa,,,0.00 ,Kho HH,9.00 ,0
nhomaugiay654c,Giấy nhớ màu giấy SN654C,Vật tư hàng hóa,,,0.00 ,Kho HH,58.00 ,744000
nhomaunhuaSN695,Giấy nhớ màu nhựa SN695,Vật tư hàng hóa,,,0.00 ,Kho HH,58.00 ,1140000
nhotoday33,Giấy nhớ Today 3*3,Vật tư hàng hóa,,,0.00 ,Kho HH,10.00 ,68077
nhotoday34,Giấy nhớ Today 3*4,Vật tư hàng hóa,,,0.00 ,Kho HH,22.00 ,162000
nhotoday35,Giấy nhớ Today 3*5,Vật tư hàng hóa,,,0.00 ,Kho HH,36.00 ,260160
no be,Nơ bé,Vật tư hàng hóa,,,0.00 ,Kho HH,0.00 ,17000
notedoblea3*3,Giấy nhớ Double A xanh 3*3,Vật tư hàng hóa,,,0.00 ,Kho HH,131.00 ,864000
NotePro 302,Giấy nhớ Pronoti 3*2,Vật tư hàng hóa,,,0.00 ,Kho HH,65.00 ,641700
NotePro 303,Giấy nhớ Pronoti 3*3,Vật tư hàng hóa,,,0.00 ,Kho HH,123.00 ,711000
NotePro 304,Giấy nhớ pronoti 3*4,Vật tư hàng hóa,,,0.00 ,Kho HH,195.00 ,1332000
NotePro 305,Giấy nhớ Pronoti 3*5,Vật tư hàng hóa,,,0.00 ,Kho HH,281.00 ,2450800
nrtlb500,Nước rửa tay lifeboy 180ml,Vật tư hàng hóa,,,0.00 ,Kho HH,0.00 ,186000
NVLtichluong,Nguyên vật liệu làm cây ATM Tích Lương,Vật tư hàng hóa,,"Xi măng, cát, soi....",0.00 ,Kho HH,0.00 ,2550000
phan Duc Thanh mau,Phấn Đức Thanh màu,Vật tư hàng hóa,,,0.00 ,Kho HH,10.00 ,27000
phan TL DC-02,Phấn Thiên Long DC-02,Vật tư hàng hóa,,,0.00 ,Kho HH,10.00 ,61750
phan trang Duc Thanh,Phấn trắng Đức Thanh,Vật tư hàng hóa,,,0.00 ,Kho HH,130.00 ,393992
phanmicmau,Phấn Mic màu 215,Vật tư hàng hóa,,,0.00 ,Kho HH,8.00 ,54000
phanmictrang,Phấn Mic trắng 206,Vật tư hàng hóa,,,0.00 ,Kho HH,135.00 ,412200
phieuthuchi 1 lien BB,Phiếu thu chi 1 liên Bãi Bằng,Vật tư hàng hóa,,,0.00 ,Kho HH,0.00 ,0
phieuthuchixmong,"Phiếu thu chi, xuất kho mỏng",Vật tư hàng hóa,,,0.00 ,Kho HH,78.00 ,0
phongbitapnho,Phong bì tập nhỏ,Vật tư hàng hóa,,,0.00 ,Kho HH,0.00 ,64000
phongbithunho,Phong bì thư nhỏ,Vật tư hàng hóa,,,0.00 ,Kho HH,16.00 ,629500
phongbitranga5,Phong bì trắng A5,Vật tư hàng hóa,,,0.00 ,Kho HH,6.00 ,218000
phongbitranga6,Phong bì trắng A6,Vật tư hàng hóa,,,0.00 ,Kho HH,4.00 ,110000
phongbitrangnhonhat,Phong bì trắng cỡ nhỏ nhất,Vật tư hàng hóa,,,0.00 ,Kho HH,3.00 ,90000
photomau Tenplus,Giấy photo màu Tenplus ĐL 80,Vật tư hàng hóa,,,0.00 ,Kho HH,6.00 ,2950500
PhotomauA4SINA,GIẤY A4 PHÔ TÔ MÀU ĐL80,Vật tư hàng hóa,,,0.00 ,Kho HH,10.00 ,1012000
Pilot0.5xoaduoc,Bút bi Pilot xóa được 0.5,Vật tư hàng hóa,,,0.00 ,Kho HH,9.00 ,450000
Pilotngoibi ,Pilot ngòi bi xóa được,Vật tư hàng hóa,,,0.00 ,Kho HH,10.00 ,600000
pinalkaline,Pin Alkaline,Vật tư hàng hóa,,,0.00 ,Kho HH,18.00 ,516000
pindải20,Pin Đại Pana R20,Vật tư hàng hóa,,,0.00 ,Kho HH,3.00 ,148800
pinpana,"Pin Pana 2A, 3A",Vật tư hàng hóa,,,0.00 ,Kho HH,247.00 ,3228000
pnk a4,Phiếu nhập kho A4,Vật tư hàng hóa,,,0.00 ,Kho HH,10.00 ,25000
Pr 005,Đèn bàn PR005,Vật tư hàng hóa,,,0.00 ,Kho HH,2.00 ,1372000
Pr 010,Đèn bàn Protex PR010,Vật tư hàng hóa,,,0.00 ,Kho HH,2.00 ,270000
Pro PR001,Đèn bàn Protex PR001,Vật tư hàng hóa,,,0.00 ,Kho HH,1.00 ,175000
Pro PR006 ,Đèn bàn Protex PR006,Vật tư hàng hóa,,,0.00 ,Kho HH,3.00 ,840000
Pro PR008,Đèn bàn Protex PR008,Vật tư hàng hóa,,,0.00 ,Kho HH,2.00 ,364000
Pro PR009,Đèn bàn Protex PR009,Vật tư hàng hóa,,,0.00 ,Kho HH,2.00 ,292000
Pro PR015,Đèn bàn Protex PR015,Vật tư hàng hóa,,,0.00 ,Kho HH,4.00 ,1064000
quyenlichdai,Quyển lịch đại,Vật tư hàng hóa,,,0.00 ,Kho HH,0.00 ,40000
RP7to,RB7 chai to,Vật tư hàng hóa,,,0.00 ,Kho HH,0.00 ,504000
ruachensunlight750g,Nước rửa chén Sunlight 750g hương chanh,Vật tư hàng hóa,,,0.00 ,Kho HH,0.00 ,105000
ruot but ky BPR 09,Ruột bút ký BPR 09,Vật tư hàng hóa,,,0.00 ,Kho HH,5.00 ,22500
ruotAH650d,Ruột bút chữ A đen,Vật tư hàng hóa,,,0.00 ,Kho HH,103.00 ,402500
ruotBL57,Ruột bút Energel BL57,Vật tư hàng hóa,,,0.00 ,Kho HH,43.00 ,792000
ruotbnden,Ruột bút BN đen,Vật tư hàng hóa,,,0.00 ,Kho HH,200.00 ,160000
ruotbutbibpr09,Ruột bút TL BPR09,Vật tư hàng hóa,,,0.00 ,,4.00 ,24000
ruotbutchuare,Ngòi bút chữ A rẻ,Vật tư hàng hóa,,,0.00 ,Kho HH,2.00 ,60000
ruotbutPreppy,Ruột bút mực Preppy,Vật tư hàng hóa,,,0.00 ,Kho HH,125.00 ,2425000
ruotchikim,Ruột chì kim,Vật tư hàng hóa,,,0.00 ,Kho HH,20.00 ,38000
ruotnuocMG0.7,Ruột nước MG 0.7xanh 6128,Vật tư hàng hóa,,,0.00 ,Kho HH,112.00 ,415900
rutgayq33,Kẹp rút gáy Q311,Vật tư hàng hóa,,,0.00 ,,468.00 ,1430200
"sacmau48tr1657,1602","Vở sắc màu 48 trang 1657, 1602",Vật tư hàng hóa,,,0.00 ,Kho HH,10.00 ,19371050
Sáp bộ 2 nửa WInQ 12 màu,Sáp bộ 2 nửa WinQ 12 màu,Vật tư hàng hóa,,,0.00 ,Kho HH,0.00 ,95000
Sáp bộ 2 nửa WInQ 16 màu,Sáp bộ 2 nửa WinQ 16 màu,Vật tư hàng hóa,,,0.00 ,Kho HH,0.00 ,125000
Sáp WinQ 12 màu,Sáp WinQ 12 màu(Lố/10hộp),Vật tư hàng hóa,,,0.00 ,Kho HH,0.00 ,72000
Sáp WinQ 18 màu,Sáp WinQ 18 màu(Lốc/10hộp),Vật tư hàng hóa,,,0.00 ,Kho HH,0.00 ,115000
sap12mauTL,Sáp 12 màu TL-CR-C016,Vật tư hàng hóa,,,0.00 ,,50.00 ,307500
sap999thuannam,Sáp màu 999 THuận Nam,Vật tư hàng hóa,,,0.00 ,Kho HH,0.00 ,108000
Sapdoreamon16mau,Sáp Doreamon 16 màu,Vật tư hàng hóa,,,0.00 ,Kho HH,0.00 ,148000
sapmau999,Sáp màu TN BS 999,Vật tư hàng hóa,,,0.00 ,Kho HH,19.00 ,220000
sapthomami,Sáp thơm Ami 200g,Vật tư hàng hóa,,,0.00 ,Kho HH,0.00 ,288000
sapwin24mau,Sáp Win 24 màu CR05,Vật tư hàng hóa,,,0.00 ,Kho HH,0.00 ,105000
savi2mat,Trình ký Savi 2 mặt xi,Vật tư hàng hóa,,,0.00 ,,11.00 ,220000
SDInho,Dao SDI nhỏ 0404,Vật tư hàng hóa,,,0.00 ,Kho HH,169.00 ,1075000
SDIto,Dao SDI to 0423,Vật tư hàng hóa,,,0.00 ,Kho HH,274.00 ,5032300
SMLDA,Sơ mi lỗ Double A,Vật tư hàng hóa,,,0.00 ,Kho HH,670.00 ,2781000
SMLDELI,Sơ mi lỗ Deli,Vật tư hàng hóa,,,0.00 ,,0.00 ,0
SMLplus,Sơ mi lỗ plus,Vật tư hàng hóa,,,0.00 ,,0.00 ,0
so bia da nho nep ,Sổ bìa da nhỏ nẹp ,Vật tư hàng hóa,,,0.00 ,Kho HH,10.00 ,350000
sổ da khuy bấm KS5,Sổ da khuy bấm KS5,Vật tư hàng hóa,,,0.00 ,Kho HH,5.00 ,110000
Sổ HT 160tr,Sổ Ghi chép HT 160tr,Vật tư hàng hóa,,,0.00 ,Kho HH,30.00 ,257280
So Loxo HT A7,Sổ lò xò HT A7-200tr,Vật tư hàng hóa,,,0.00 ,Kho HH,20.00 ,69420
Sổ may 200T B5 Klong 318,Sổ may 200tr B5 Klong 318,Vật tư hàng hóa,,,0.00 ,Kho HH,5.00 ,143000
Sổ may 200tr A5 56/86 KL ,Sổ may 200tr A5 56/86 KLong MS 306,Vật tư hàng hóa,,,0.00 ,Kho HH,5.00 ,89000
so quy tien mat A4 BB ,Sổ quỹ Tiền mặt A4 BB 1 liên,Vật tư hàng hóa,,,0.00 ,Kho HH,20.00 ,66000
sobiada1605,Sổ bìa da đẹp 1605,Vật tư hàng hóa,,,0.00 ,Kho HH,5.00 ,350000
socongvan,Sổ Công văn đi đến 160tr,Vật tư hàng hóa,,,0.00 ,Kho HH,1.00 ,308000
soda240trang,Sổ da B8 240tr Hải Tiến,Vật tư hàng hóa,,,0.00 ,Kho HH,24.00 ,1120320
sodab3160tr,Sổ da B3 160 trang,Vật tư hàng hóa,,,0.00 ,Kho HH,37.00 ,343800
sodademmutdep 1870,Sổ da đệm mút đẹp 1870,Vật tư hàng hóa,,,0.00 ,Kho HH,1.00 ,174000
SodaKlong A4-300tr,Sổ bìa da đệm mút Klong A4 300 trang,Vật tư hàng hóa,,,0.00 ,Kho HH,3.00 ,410000
sodanimc118,Sổ da nỉ MC118,Vật tư hàng hóa,,,0.00 ,Kho HH,2.00 ,386000
sohyundai,Sổ Hyundai 100tr,Vật tư hàng hóa,,,0.00 ,Kho HH,0.00 ,550000
somilothuong,Sơ mi lỗ thường,Vật tư hàng hóa,,,0.00 ,Kho HH,95.00 ,4261000
sotracluoi,Sọt rác lưới,Vật tư hàng hóa,,,0.00 ,Kho HH,1.00 ,12000
spa0.5,Nước rửa tay Spa 500g,Vật tư hàng hóa,,,0.00 ,Kho HH,4.00 ,333800
str01,Gỡ kim STR-01,Vật tư hàng hóa,,,0.00 ,,0.00 ,0
SW1053,Lưỡi dao trổ to,Vật tư hàng hóa,,,0.00 ,Kho HH,0.00 ,751905
SW6643,Phân trạng giấy 5 màu,Vật tư hàng hóa,,,0.00 ,Kho HH,224.00 ,1504800
SW6646,Phân trạng nhựa mũi tên nhiều màu,Vật tư hàng hóa,,,0.00 ,Kho HH,218.00 ,1254000
SW6648,Phân trang nhựa rút,Vật tư hàng hóa,,,0.00 ,Kho HH,72.00 ,410400
SW7cm,Cặp hộp nhựa SW 7cm khổ A,Vật tư hàng hóa,,,0.00 ,Kho HH,9.00 ,284000
SW91023,Dao dọc giấy 1 lưỡi khóa tự động,Vật tư hàng hóa,,,0.00 ,Kho HH,12.00 ,799680
SW91024,Dao dọc giấy 1 lưỡi khóa núm xoay,Vật tư hàng hóa,,,0.00 ,Kho HH,12.00 ,1505889
SW91026,Dao trổ 1 lưỡi lớn khóa tự động,Vật tư hàng hóa,,,0.00 ,Kho HH,8.00 ,207161
SW91027,Dao trổ 1 lưỡi khóa tự động 91027,Vật tư hàng hóa,,,0.00 ,Kho HH,9.00 ,207480
tapto,Tập tô,Vật tư hàng hóa,,,0.00 ,Kho HH,50.00 ,452000
tay,Tẩy E06,Vật tư hàng hóa,,,0.00 ,,0.00 ,0
tẩy vàng MG 96580,Tẩy vàng MG 96580,Vật tư hàng hóa,,,0.00 ,Kho HH,30.00 ,68400
taychiTLE02,Tẩy chì TL E02,Vật tư hàng hóa,,,0.00 ,Kho HH,10.00 ,60000
taymg,"Tẩy MG đen, vàng",Vật tư hàng hóa,,,0.00 ,Kho HH,116.00 ,573200
tayvim500ml,Tẩy bồn cầu Vim 500ml,Vật tư hàng hóa,,,0.00 ,Kho HH,0.00 ,100000
thanh giằng bảng 1.2*1.8,Thanh giằng bảng 1.2*1.8,Vật tư hàng hóa,,,0.00 ,Kho HH,1.00 ,80000
the da 2 mat ngang doc,Thẻ da 2 mặt ngang dọc,Vật tư hàng hóa,,,0.00 ,Kho HH,100.00 ,180000
thechuto,Thẻ chữ to,Vật tư hàng hóa,,,0.00 ,Kho HH,0.00 ,270000
thekimbang,Thẻ cài kim băng,Vật tư hàng hóa,,,0.00 ,Kho HH,290.00 ,327000
thenhanvienFPT,Thẻ nhân viên FPT,Vật tư hàng hóa,,,0.00 ,Kho HH,0.00 ,780000
thetenhanvien,Thẻ tên nhân viên,Vật tư hàng hóa,,,0.00 ,Kho HH,0.00 ,1940000
thuchi1lien,Phiếu thu chi 1 liên,Vật tư hàng hóa,,,0.00 ,Kho HH,476.00 ,1496000
thuocdeli50,Thước Deli 50cm,Vật tư hàng hóa,,,0.00 ,Kho HH,3.00 ,55000
thuocdeodeli6209,Thước dẻo Deli 30cm 6209,Vật tư hàng hóa,,,0.00 ,Kho HH,23.00 ,173736
thuocke20,Thước kẻ 20cm Hoa Việt,Vật tư hàng hóa,,,0.00 ,Kho HH,74.00 ,116550
thuocke30,Thước kẻ 30cm trung quốc,Vật tư hàng hóa,,,0.00 ,Kho HH,50.00 ,182100
TKKN38,Trình ký khóa dọc Fizz A4,Vật tư hàng hóa,,,0.00 ,Kho HH,12.00 ,449880
TL bút ký 075,Bút ký TL 075,Vật tư hàng hóa,,,0.00 ,Kho HH,3.00 ,726750
TL02,Túi khuy TL02,Vật tư hàng hóa,,,0.00 ,Kho HH,"2,460.00 ",11301600
TL05,Túi khuy TL05,Vật tư hàng hóa,,,0.00 ,Kho HH,0.00 ,769934
Today- 5 màu giấy,Today-Nhớ 5 màu giấy,Vật tư hàng hóa,,,0.00 ,Kho HH,100.00 ,500000
Today- 5 màu nhựa ,Today-nhớ 5 màu nhựa,Vật tư hàng hóa,,,0.00 ,Kho HH,60.00 ,300000
trinhkya5,Trình ký nhựa A5,Vật tư hàng hóa,,,0.00 ,Kho HH,4.00 ,705600
trinhkycb01,Trình ký 2 mặt xi Tl CB01,Vật tư hàng hóa,,,0.00 ,Kho HH,8.00 ,234000
trinhkycb02,Trình ký xi 1 mặt TL CB02,Vật tư hàng hóa,,,0.00 ,,9.00 ,169000
trinhkycb04,Trình ký nhựa TL 1 mặt CB04,Vật tư hàng hóa,,,0.00 ,Kho HH,0.00 ,216000
trinhkycb05,Trình ký nhựa cứng TL CB05,Vật tư hàng hóa,,,0.00 ,,4.00 ,168300
trinhkyda ,Trình ký da 2 mặt đẹp,Vật tư hàng hóa,,,0.00 ,Kho HH,20.00 ,1788000
trinhkyda F8002,Trình ký da F8002,Vật tư hàng hóa,,,0.00 ,Kho HH,5.00 ,240000
trinhkyflaxcb03,Bìa trình ký CB 03,Vật tư hàng hóa,,,0.00 ,Kho HH,20.00 ,396000
trinhkyflaxCB04,Bìa trình ký CB04,Vật tư hàng hóa,,,0.00 ,Kho HH,0.00 ,0
trinhkymicaa4,Trình ký Mica A4 1 mặt,Vật tư hàng hóa,,,0.00 ,,7.00 ,252000
trinhkyngangA4,Trình ký nhựa ngang A4,Vật tư hàng hóa,,,0.00 ,Kho HH,80.00 ,1496000
trinhkynhuaa4,Trình ký nhựa A4 thường,Vật tư hàng hóa,,,0.00 ,Kho HH,40.00 ,918000
trinhkynhuacung1mat,Trình ký nhựa cứng 1 mặt Flax,Vật tư hàng hóa,,,0.00 ,Kho HH,78.00 ,174000
trinhkyxi1mattramy,Trình ký Xi 1 mặt Trà My,Vật tư hàng hóa,,,0.00 ,Kho HH,20.00 ,190000
trongmayin,Trống máy in,Vật tư hàng hóa,,,0.00 ,Kho HH,1.00 ,200000
truyentranh,Truyện tranh,Vật tư hàng hóa,,,0.00 ,Kho HH,0.00 ,420000
tuibagocMS335,File ba góc TL MS 335,Vật tư hàng hóa,HH,,0.00 ,Kho HH,100.00 ,250000
tuibong,"Túi bóng đen, xanh, trắng loại 5kg,10kg,15kg,20kg",Vật tư hàng hóa,,,0.00 ,Kho HH,31.00 ,1390000
tuidunglichA,Túi đựng lịchchữ A,Vật tư hàng hóa,,,0.00 ,Kho HH,20.00 ,70000
tuidunglichloxo,Túi đựng lịch ,Vật tư hàng hóa,,,0.00 ,Kho HH,120.00 ,480000
ub150thuong,Bút UB 150 thường,Vật tư hàng hóa,,,0.00 ,Kho HH,14.00 ,120000
ub150xin,Bút UB150 đẹp,Vật tư hàng hóa,,,0.00 ,Kho HH,124.00 ,3200000
vanchuyenbangTanHa,Vận chuyển bảng từ kho ra xe,Vật tư hàng hóa,,,0.00 ,Kho HH,5.00 ,250000
vibut.1007,Ví bút 1007,Vật tư hàng hóa,,,0.00 ,Kho HH,0.00 ,48000
vibut8925.8902.8933,Ví bút 8925.8902.8933,Vật tư hàng hóa,,,0.00 ,Kho HH,0.00 ,94000
vo o ly BM 48 tr ĐL 120-1,Vở Ô ly BM 48 trang ĐL 120-1671,Vật tư hàng hóa,,,0.00 ,Kho HH,0.00 ,22471000
vo oly 48tr-0509,Vở Ô ly 48 tr-0509,Vật tư hàng hóa,,,0.00 ,Kho HH,240.00 ,1538320
vo oly 48tr-0563,Vở ô ly 48tr_0563,Vật tư hàng hóa,,,0.00 ,Kho HH,10.00 ,110120
vo oly 48tr-1336,Vở Ô ly 48 trang 1336.1466,Vật tư hàng hóa,,,0.00 ,Kho HH,0.00 ,52000
voa4,Vở A4,Vật tư hàng hóa,,,0.00 ,,0.00 ,0
vocp120,Vở Campus 120 trang,Vật tư hàng hóa,,,0.00 ,Kho HH,33.00 ,214500
vocp80,Vở Campus 80 trang,Vật tư hàng hóa,,,0.00 ,Kho HH,10.00 ,58000
voolycomauchu,Vỏ Ô ly có mẫu chữ,Vật tư hàng hóa,,,0.00 ,Kho HH,0.00 ,90000
xanhtron3cm,Băng dính xanh trơn 3cm,Vật tư hàng hóa,,,0.00 ,Kho HH,0.00 ,0
xaphongbanhLB,Xà phòng bánh Lifebuoy,Vật tư hàng hóa,,,0.00 ,Kho HH,0.00 ,98000
xi2mat036,Trình ký xi 2 mặt Hyphen 036,Vật tư hàng hóa,,,0.00 ,Kho HH,58.00 ,1435000
xi3cm,Băng dính xi trung 3cm,Vật tư hàng hóa,,,0.00 ,Kho HH,24.00 ,387000
xiday,Băng dính xi dày,Vật tư hàng hóa,,,0.00 ,Kho HH,21.00 ,570000
xoa018,Bút xóa rẻ 018,Vật tư hàng hóa,,,0.00 ,Kho HH,83.00 ,407968
xoabangtomgac52801,Xóa băng to MG ACT52801,Vật tư hàng hóa,,,0.00 ,Kho HH,0.00 ,24000
xoaplus12m,Băng xóa Plus to 12m,Vật tư hàng hóa,,,0.00 ,Kho HH,11.00 ,195000
xopvang2cm,Xốp vàng 2cm,Vật tư hàng hóa,,,0.00 ,Kho HH,60.00 ,249996
xprinter 350B,Máy in mã vạch in nhiệt xprintẻ 350B,Vật tư hàng hóa,,,0.00 ,Kho HH,1.00 ,3500000
